siren,etatAdministratifUniteLegale,nomUniteLegale,nomUsageUniteLegale,denominationUniteLegale,denominationUsuelle1UniteLegale,denominationUsuelle2UniteLegale,denominationUsuelle3UniteLegale,dateDernierTraitementUniteLegale,caractereEmployeurUniteLegale,identifiantAssociationUniteLegale
005420021,A,,,ETABLISSEMENTS LUCIEN BIQUEZ,,,,2017-05-20T01:00:41,O,
005420120,A,,,SOCIETE DES SUCRERIES DU MARQUENTERRE,,,,2019-06-25T16:08:11,O,
005450093,A,,,BASALPINE AUTOCARS,,,,2019-06-24T13:04:20,O,
005520176,A,,,HERNAS CARTONNAGE,,,,2019-07-13T03:37:03,O,
005520242,A,,,PROSPA,,,,2019-06-24T13:04:20,O,
005520325,A,,,ETABLISSEMENTS ADRIEN RIQUIER,,,,2019-06-25T16:00:20,O,
005541552,A,,,ETABLISSEMENTS BONNET FRERES,,,,2020-02-18T03:55:26,O,
005580113,A,,,L'ABRI FAMILIAL,,,,2019-08-05T20:04:49,O,
005580436,A,,,BAUDINVEST,,,,2019-12-14T03:45:54,O,
005580501,A,,,SOCIETE DES GLACIERES ET FRIGORIFIQUES DE SAINT-NAZAIRE,STEF LOGISTIQUE,,,2019-02-25T03:37:32,O,
005620034,A,,,ETABLISSEMENTS ROGER,ETS ROGER BIG MAT,,,2019-06-24T13:04:20,O,
005620117,A,,,ETABLISSEMENTS DUBOIS,,,,2019-06-24T13:04:20,O,
005620174,A,,,SOCIETE RIQUIER ET CIE,,,,2019-06-24T13:04:20,O,
005620190,A,,,L'OISEAU BLEU,,,,2019-06-24T13:04:20,O,
005620422,A,,,ETABLISSEMENTS R. DEBRAY,,,,2011-12-04T03:00:23,O,
005650031,A,,,SARL RIGAULT ET CIE,,,,2019-06-24T13:04:20,O,
005650148,A,,,SCIC VALDURANCE HABITAT,,,,2019-08-07T03:47:46,O,
005680145,A,,,PROMENS MONTOIR DE BRETAGNE SAS,,,,2019-06-24T13:04:20,O,
005720164,A,,,SA SAINTE-ISABELLE,,,,2020-01-17T03:55:28,O,
005720552,A,,,LALLOT PICARDIE,,,,2019-06-24T13:04:21,O,
005720594,A,,,LES TRANSPORTS COMMERCIAUX,,,,2019-06-24T13:04:21,O,
005720610,A,,,PICARDIE MARITIME HABITAT FONDATION PAUL DUCLERCQ,PICARDIE MARITIME HABITAT,,,2019-09-28T04:01:35,O,
005720644,A,,,ETABLISSEMENTS DEMORTAIN,,,,2019-06-24T13:04:21,O,
005720685,A,,,FORGEZ PERE ET FILS,,,,2019-06-24T13:04:21,O,
005720784,A,,,ETABLISSEMENTS DECAYEUX,,,,2019-09-11T03:57:00,O,
005750153,A,,,TOURING HOTEL,,,,2019-06-24T13:04:21,O,
005750385,A,,,ENTREPRISE COMBA,,,,2019-06-24T13:04:21,O,
005750583,A,,,SERVICE ASSISTANCE TRANSCATIONS AUTO,,,,2019-06-24T13:04:21,O,
005780044,A,,,PEINTURES SYNTHETIQUES MODERNES,,,,2019-09-01T20:02:51,O,
005780226,A,,,SOC LES MEUBLES MARGUY,LONDON ANTIQUES,,,2017-05-20T01:00:42,O,
005780390,A,,,TRANSPORTS DE LA BRIERE,,,,2020-01-05T20:01:23,O,
005780960,A,,,SOCIETE IMMOBILIERE TOURISTIQUE ET HOTELIERE DE LA BAULE EN ABREGE SITH LA BAULE,,,,2019-06-24T13:04:21,O,
005781133,A,,,IDEA GROUPE,,,,2019-08-25T19:38:50,O,
005820360,A,,,DELOUBRIERE JULES SOC,,,,2009-06-27T03:06:30,O,
005820378,A,,,ENTREPRISE DEMOUSELLE,DEMOUSELLE,,,2020-01-05T20:01:23,O,
005820428,A,,,SOCIETE ANONYME DUCROCQ ET COMPAGNIE,,,,2019-06-24T13:04:21,O,
005820477,A,,,ETABLISSEMENTS RAOUL DAVERGNE,,,,2019-06-24T13:04:21,O,
005870027,A,,,HOTEL LA CONCORDE,,,,2019-06-24T13:04:21,O,
005873450,A,AUDUREAU,,,LE NEPTUNE,,,2019-06-24T13:04:21,O,
005880596,A,,,GEDIMO HOLDING,,,,2019-06-24T13:04:21,O,
005880679,A,,,SA COOPERATIVE D'INTERET COLLECTIF POURL'ACCESSION A LA PROPRIETE DE ST-NAZAIREET DE LA REGION DES PAYS DE LA LOIRE,,,,2019-08-07T09:52:18,O,
005920194,A,,,SARL BEAUVISAGE TOULLET,,,,2019-07-16T03:49:19,O,
005950159,A,,,SOCIETE BARNEAUD ET GIRAUD,,,,2019-12-05T09:37:38,O,
005980016,A,,,SOCIETE NAZAIRIENNE DE MECANIQUE,S N M,,,2019-11-03T20:02:26,O,
005980461,A,,,ENTREPRISE JUDIC,,,,2019-06-24T13:04:21,O,
006020010,A,,,ETABLISSEMENTS FROMENTIN,,,,2008-09-13T02:05:21,O,
006020135,A,,,TERNOIS FONDERIE,,,,2017-05-20T01:00:43,O,
006076434,A,,,ETABLISSEMENTS PIED ET PERRAUD,,,,2019-06-24T13:04:21,O,
006080170,A,,,COOP BREIZH,,,,2019-09-12T03:51:03,O,
006120109,A,,,DEGUERVILLE,DONALD,,,2017-05-20T01:00:43,O,
006141394,A,JAUBERT,GROSOS,,,,,2012-07-28T11:43:01,O,
006150148,A,,,LE DAHUT,,,,2019-06-24T13:04:21,O,
006180301,A,,,SOCIETE FINANCIERE ATLANTIC,,,,2019-09-13T08:31:35,O,
006220065,A,,,ENTREPRISES OSCAR SAVREUX,,,,2019-06-24T13:04:21,O,
006280309,A,,,COMPTOIR ATLANTIQUE DONGEOIS DE DISTRIBUTION ET D 'APPROVISIONNEMENTS DE CONSTRUCTION C.A.D.D.A.C.,,,,2020-02-14T14:05:53,O,
006320048,A,,,SOCIETE DE MOISMONT,,,,2019-08-05T20:04:49,O,
006341176,A,MONTAGNIER,ARNAUD,,HOTEL DU MIDI,,,2014-07-11T23:15:11,O,
006341945,A,CHABRAND,,,,,,2020-01-28T08:32:32,O,
006350037,A,,,PERTOSA FABRICATION,,,,2012-12-15T01:00:34,O,
006380042,A,,,LABORATOIRE NUTERGIA,,,,2019-06-24T13:04:21,O,
006380158,A,,,ESPACE DOMICILE SA HABITAT LOYER MODERE,,,,2019-07-16T03:56:48,O,
006380315,A,,,HORIZON AUTOMOBILES,,,,2019-08-05T20:04:49,O,
006450043,A,,,SOCIETE DE FABRICATION ALIMENTAIRE PROVENCALE SOFALIP,PERLAMANDE,,,2019-12-09T09:43:19,O,
006450225,A,,,LOU SAN PEYRE,,,,2018-05-08T03:58:54,O,
006474696,A,PEZERON,,,,,,2019-06-24T13:04:22,O,
006480065,A,,,TRANSPORTS MORAND FRIGORIFIQUES,TRANSPORTS MORAND,,,2020-01-24T11:39:50,O,
006480206,A,,,ETS GUILLET FRERES,KERISAC,,,2019-09-04T03:34:25,O,
006520126,A,,,SARL  LE GROS TILLEUL,,,,2019-06-24T13:04:22,O,
006520266,A,,,TRANSPORTS LEROY ET FILS,,,,2019-06-24T13:04:22,O,
006580161,A,,,SOCIETE DES PRODUITS EN BETON ET MATERIAUX DE CONSTRUCTION D'ENTRE LOIRE ET VILAINE,PRESQU'ILE MENUISERIES,,,2020-02-21T13:35:28,O,
006580195,A,,,SOCIETE INDUSTRIELLE POUR LE DEVELOPPEMENT DE LA SECURITE,,,,2019-08-05T20:04:49,O,
006610836,A,MARCHAND,,,,,,2019-11-01T08:32:31,O,
006620124,A,,,DECOUPAGE ET MOULAGE D'ELASTOMERES,,,,2019-09-01T20:02:52,O,
006640668,A,DOUMAS,BLANC,,,,,2020-01-08T11:37:36,O,
006650089,A,,,HABITATIONS DE HAUTE-PROVENCE,,,,2019-08-07T03:47:46,O,
006650097,A,,,DOMAINE DU VERDON,,,,2019-08-23T11:48:55,O,
006680219,A,,,CHATELLIER,BOULANGERIE CHATELLIER,,,2019-06-24T13:04:22,O,
006720049,A,,,BORFLEX SERVICES,,,,2020-01-07T19:35:14,O,
006720064,A,,,LE PALAIS DE L AUTOMOBILE ABBEVILLE,,,,2019-06-24T13:04:22,O,
006780514,A,,,SOCIETE FRANCAISE OUTILS PROFESSIONNELS,,,,2019-08-28T11:22:39,O,
006810303,A,CHABE,,,AU BONHEUR DES DAMES,,,2019-06-24T13:04:22,O,
006850093,A,,,MARMOTEL SA,,,,2017-05-20T01:00:49,O,
006850168,A,,,SA D'AMENAGEMENT TOURISTIQUE DE SELONNET,,,,2019-06-24T13:04:22,O,
006850234,A,,,ETABLISSEMENTS GARCIN FRERES,,,,2019-09-14T03:41:20,O,
006850259,A,,,SARL ETS MICHEL,,,,2019-06-24T13:04:22,O,
006874002,A,CHEDEMOIS,,,,,,2008-09-20T00:35:24,O,
006880066,A,,,CHAUDRONNERIE TOLERIE DE L'OUEST,,,,2007-04-21T10:35:03,O,
006950034,A,,,BOUCHERIE CHEVALINE CHANZY,,,,2019-06-24T13:04:22,O,
006950059,A,,,ENTREPRISE D'ANGELO,,,,2019-06-24T13:04:22,O,
006980239,A,,,ATELIERS DE LA PROVIDENCE,,,,2019-12-09T10:00:39,O,
006980395,A,,,L ETABLI GUERANDAIS STE,,,,2019-06-24T13:04:22,O,
007020134,A,,,GROUPE SOGAL,,,,2019-06-24T13:04:22,O,
007050040,A,,,CENTRE DES CARMES,,,,2019-11-26T09:27:33,O,
007050065,A,,,SOC EXPLOIT TRAVAUX PUBLICS,,,,2019-06-24T13:04:22,O,
007050123,A,,,SOCIETE DES ETABLISSEMENTS H. GUIGUES,,,,2020-02-01T04:05:09,O,
007050149,A,,,SARL DURANCE BETON,,,,2019-06-24T13:04:22,O,
007080013,A,,,SOCIETE COOPERATIVE MARITIME DU CROISIC,,,,2019-06-25T16:00:20,O,
007080021,A,,,SOCIETE COOPERATIVE D'APPROVISIONNEMENT DE L'OUEST,,,,2019-08-05T20:04:49,O,
007080039,A,,,BIJOUTERIE GAUCHER,,,,2019-06-24T13:04:22,O,
007080054,A,,,LOUIS HEMERY,,,,2019-08-05T20:04:49,O,
007080229,A,,,ENTREPRISE ROUAUD,,,,2019-06-28T03:35:59,O,
007080260,A,,,SAINT-NAZAIRE DISTRIBUTION,INTERMARCHE,,,2019-06-24T13:04:22,O,
007080443,A,,,LAITERIE DU GRAND CLOS,,,,2019-07-11T03:42:13,O,
007080708,A,,,SOCIETE PROMOTIONNELLE D'OPTIQUE,OPTIC 2000,,,2019-06-24T13:04:22,O,
007080757,A,,,CNI,,,,2019-06-24T13:04:22,O,
007080773,A,,,CARRIERS MEN ARVOR,,,,2020-02-19T03:35:19,O,
007120033,A,,,TERNOIS ELECTROLYSE,,,,2013-12-10T23:15:15,O,
007120066,A,,,SOCIETE LECLERC IMPRIMERIE,,,,2019-06-24T13:04:22,O,
007120082,A,,,ENTREPRISE DE BATIMENT FLAQUET,,,,2019-06-24T13:04:22,O,
007120108,A,,,BRUNELLE PRESSING,CENTRAL PRESS ECO,,,2019-06-24T13:04:22,O,
007120231,A,,,ENTREPRISE BARRE,,,,2019-10-03T03:54:41,O,
007150030,A,,,SARL HOTEL LE SAINT JEAN,,,,2019-06-24T13:04:22,O,
007150303,A,,,D. MAFFREN,,,,2019-06-25T16:00:20,O,
007173248,A,CHICAUD,,,SALON JEAN CHRISTIAN LAURENT,,,2019-06-24T13:04:22,O,
007180227,A,,,SARL ATLANTIC GARAGE,,,,2007-04-21T10:35:06,O,
007180326,A,,,SERVICES ET INSTRUMENTS DE GEOPHYSIQUE,,,,2019-06-24T13:04:22,O,
007180516,A,,,SOCIETE NAZAIRIENNE DE DEVELOPPEMENT,SONADEV,,,2019-10-29T03:50:05,O,
007180532,A,,,CENTRE AUTOMOBILE DE L'ETOILE,,,,2019-09-05T03:34:07,O,
007211253,A,HAQUET,,,PICARDIE GARAGE HAQUET,,,2019-06-24T13:04:22,O,
007220163,A,,,HOTEL RESTAURANT DE LA MAYE,,,,2013-12-10T23:15:15,O,
007220197,A,,,ETABLISSEMENTS VAN-DER-VOORDE ET FILS,,,,2014-11-27T04:23:46,O,
007220338,A,,,SOCIETE VANNERIE CANDAS FRERES,LES CHARPAGNES - LES CROQUINES,,,2019-06-24T13:04:22,O,
007250046,A,,,GALERIES PARISIENNES,GALERIES PARISI,,,2014-07-11T23:15:13,O,
007250053,A,,,L.M.E. TROUCHE HOLDING,,,,2019-09-12T04:03:46,O,
007250202,A,,,ENTREPRISE PIERRE PESCE,,,,2019-06-24T13:04:23,O,
007250228,A,,,CHARPENTES ET MENUISERIES DE L'UBAYE,,,,2013-02-22T08:22:29,O,
007272123,A,ORDRENNEAU,,,,,,2017-05-20T01:00:52,O,
007280217,A,,,PONT CHATEAU DISTRIBUTION,INTERMARCHE,,,2019-09-18T03:35:22,O,
007280266,A,,,GRPT ENSEIGNEMENT PUBLIC ET ASS LAIQUES,,,,2019-06-24T13:04:23,O,
007280308,A,,,SARL POMMIER,,,,2019-06-24T13:04:23,O,
007280365,A,,,ATLAGEL,,,,2019-06-24T13:04:23,O,
007280373,A,,,CAP DIS,,,,2019-06-25T16:08:11,O,
007280456,A,,,GINEAU PERE ET FILS,,,,2019-06-24T13:04:23,O,
007280472,A,,,ETS ANEZO,,,,2019-06-24T13:04:23,O,
007280803,A,,,SOC SERALU PLAST,,,,2019-06-24T13:04:23,O,
007320039,A,,,ETABLISSEMENTS CORNE HENRI,,,,2019-06-24T13:04:23,O,
007320047,A,,,ETABLISSEMENTS RAUX,,,,2020-01-09T19:33:04,O,
007320112,A,,,SARL AUBERT ET FILS,L'ALCYONE,,,2019-06-24T13:04:23,O,
007320187,A,,,ETABLISSEMENTS LAGRANGE,,,,2019-06-24T13:04:23,O,
007320211,A,,,DOMAINE DE DIANE,,,,2019-06-24T13:04:23,O,
007320294,A,,,GARAGE DU VIMEU,,,,2019-06-27T04:01:23,O,
007350077,A,,,ETABLISSEMENTS BLANC ET FILS,,,,2019-06-25T16:00:20,O,
007350135,A,,,SARL LE BELVEDERE,,,,2019-12-13T03:58:56,O,
007350168,A,,,SOCIETE FORESTIERE CALVI,,,,2019-06-24T13:04:23,O,
007350184,A,,,SARL SOCIETE DE CONSTRUCTION DU BATIMENT,,,,2019-06-24T13:04:23,O,
007350200,A,,,ENTREPRISE MINETTO,,,,2019-06-24T13:04:23,O,
007350333,A,,,ART ET BIJOUX,,,,2019-06-24T13:04:23,O,
007380215,A,,,ETABLISSEMENTS POITEVIN PERE ET FILS SA,,,,2019-06-24T13:04:23,O,
007380454,A,,,VETEMENTS YVES,,,,2020-01-14T08:37:12,O,
007400765,A,,,COPROPRIETAIRES,,,,2019-06-24T13:04:23,O,
007455306,A,,,COPRO RES LES VOILIERS,,,,2019-06-24T13:04:23,O,
007455371,A,,,COPRO RES DE VERTHAMON,,,,2019-06-24T13:04:23,O,
007538770,A,,,SYNDIC DUCOUDERT CHRISTIANE,,,,2016-04-26T01:03:44,O,
007663917,A,,,GESTRIM GARAGES JULES NORIA,,,,2019-12-05T09:11:50,O,
007926215,A,,,COPROPRIETE PERRAULT,,,,2019-06-24T13:04:23,O,
007926587,A,,,COPROPRIETE CLOS SAULES,,,,2019-06-24T13:04:23,O,
007926611,A,,,COPROPRIETE CHAMBORD,,,,2019-06-24T13:04:23,O,
007926660,A,,,COPROPRIETE CLEMENCEAU,,,,2019-06-24T13:04:23,O,
007926678,A,,,COPROPRIETE FONTAINE,,,,2019-06-24T13:04:23,O,
007926686,A,,,COPROPRIETE PRIEUR,,,,2019-06-24T13:04:23,O,
007926777,A,,,COPROPRIETE DESBRULYS,,,,2012-05-05T00:05:38,O,
007926850,A,,,COPROPRIETE FLAUBERT,,,,2012-05-05T00:05:38,O,
007926868,A,,,COPROPRIETE JOUVENEL N 20,,,,2018-09-29T12:00:20,O,
007927346,A,,,COPROPRIETE CARNOT,,,,2019-06-24T13:04:23,O,
007927429,A,,,COPROPRIETE VIALLE NÂ°9,,,,2019-06-24T13:04:23,O,
007927510,A,,,COPROPRIETE VIDALIE,,,,2018-09-29T12:00:20,O,
007927544,A,,,PROPRIETE CREDIT AGRICOLE,,,,2019-06-24T13:04:23,O,
007927577,A,,,COPROPRIETE DUNANT,,,,2019-06-24T13:04:23,O,
007927585,A,,,COPROPRIETE MERMOZ,,,,2019-06-24T13:04:23,O,
007927759,A,,,EVECHE DE TULLE,,,,2011-11-29T00:10:47,O,
007928500,A,,,COPROPRIETE PERI 11,,,,2018-09-29T12:00:20,O,
008020034,A,,,SOVIM COP MANIGNE 8,,,,2019-06-24T13:04:23,O,
008020406,A,,,TOURNIEROUX COP LOUYAT 90,,,,2019-06-24T13:04:23,O,
008020497,A,,,GESTRIM COP J D'ARC,,,,2019-06-24T13:04:23,O,
008020513,A,,,COPROPRIETE LE MONTLHERY,,,,2019-06-24T13:04:23,O,
008020521,A,,,GESTRIM COP RENOIR,,,,2019-06-24T13:04:23,O,
008020547,A,,,GESTRIM COP DU THEATRE,,,,2019-06-24T13:04:23,O,
008020554,A,,,GESTRIM COP F BUISSON 35,,,,2019-06-24T13:04:23,O,
008020596,A,,,GESTRIM LIMOUSIN RESIDENCE LES JACINTHES,,,,2019-06-24T13:04:23,O,
008020620,A,,,GESTRIM LIMOUSIN RES LA CORNICHE,,,,2019-06-24T13:04:23,O,
008020661,A,,,SYNDIC COPROP EDOUARD VAILLANT,,,,2019-06-24T13:04:23,O,
008020695,A,,,SYNDICAT DES COPROPRIETAIRES,,,,2019-06-24T13:04:23,O,
008020703,A,,,GESTRIM LIMOUSIN COPROPRIETE DU BESSOL,,,,2019-06-24T13:04:23,O,
008020752,A,,,GESTRIM COP 3 ET 5 RUE VOCHAVE,,,,2019-06-24T13:04:23,O,
008020836,A,,,CO IMM EDOUARD VAILLANT,,,,2019-06-24T13:04:23,O,
008020844,A,,,SYND GESTRIM COP GARIBALDI 53,,,,2019-06-24T13:04:23,O,
008020877,A,,,SYND COPROPRIETAIRES 44 RUE CHATEAUROUX,,,,2018-09-29T12:00:20,O,
008021057,A,,,SOVIM COP F VILLON,,,,2019-06-24T13:04:23,O,
008021107,A,,,UFFI COP BREMONTIER 7,,,,2019-06-24T13:04:23,O,
008021289,A,,,GESTRIM COP GAMBETTA 40,,,,2019-06-24T13:04:23,O,
008021305,A,,,CO IMM EDISON VENTADOUR,,,,2019-06-24T13:04:23,O,
008021347,A,,,GESTRIM POUR LA RLF,,,,2019-06-24T13:04:23,O,
008021354,A,,,GESTRIM COP F PERRIN 96,,,,2019-06-24T13:04:23,O,
008021362,A,,,GESTRIM COP DES ARTS 3,,,,2019-06-24T13:04:23,O,
008021396,A,,,GESTRIM COP FRESNEL 22,,,,2019-06-24T13:04:23,O,
008021461,A,,,GESTRIM COP T BAC 93,,,,2019-06-24T13:04:23,O,
008021495,A,,,GESTRIM COP GAY LUSSAC 12,,,,2019-06-24T13:04:23,O,
008021503,A,,,SDC ELISEE RECLUS,,,,2019-06-24T13:04:23,O,
008021529,A,,,GESTRIM COP RESIDENCE,,,,2019-06-24T13:04:23,O,
008021537,A,,,GESTRIM COP LE SIEGFRIED,,,,2019-06-24T13:04:23,O,
008021586,A,,,GESTRIM COP A BAUDIN 81,,,,2019-06-24T13:04:23,O,
008021594,A,,,GESTRIM COP GAI VERTHAMONT,,,,2019-06-24T13:04:23,O,
008021610,A,,,GESTRIM COP VOLTAIRE,,,,2019-06-24T13:04:23,O,
008021628,A,,,GESTRIM COP MONMEILLANT 3,,,,2019-06-24T13:04:23,O,
008021636,A,,,GESTRIM COP MONTALEMBERT,,,,2019-06-24T13:04:23,O,
008021644,A,,,GESTRIM COP P CURIE,,,,2019-06-24T13:04:23,O,
008021651,A,,,GESTRIM COP GRAND TILLEUL,,,,2019-06-24T13:04:23,O,
008021677,A,,,COPROPRIETE PERICHON BEY,,,,2019-06-24T13:04:23,O,
008021685,A,,,GESTRIM COP DU MIDI 18,,,,2019-06-24T13:04:23,O,
008021735,A,,,GESTRIM COP INGRES MONTEGU,,,,2019-06-24T13:04:23,O,
008021776,A,,,GESTRIM COP ROUSSILLON,,,,2019-06-24T13:04:23,O,
008021792,A,,,GESTRIM COP CHINCHAUVAUD,,,,2018-09-29T12:00:20,O,
008021834,A,,,GESTRIM COP LA SORRENTINE,,,,2019-06-24T13:04:23,O,
008021859,A,,,GESTRIM COP DUT COULANGES,,,,2019-06-24T13:04:23,O,
008021867,A,,,GESTRIM IMM F PERRIN 97,,,,2019-06-24T13:04:23,O,
008021909,A,,,GESTRIM COP JEAN JAURES 5,,,,2019-06-24T13:04:23,O,
008021925,A,,,GESTRIM COP FOURIE 18,,,,2019-06-24T13:04:23,O,
008021933,A,,,GESTRIM ZUP AURENCE B8 9,,,,2019-06-24T13:04:23,O,
008022162,A,,,COP 73 RUE D'ANTONY,,,,2019-06-24T13:04:23,O,
008022279,A,,,UFFI COP BUISSON 25 THOMAS,,,,2019-06-24T13:04:23,O,
008022287,A,,,UFFI COP FERDINAND BUISSON,,,,2019-06-24T13:04:23,O,
008022311,A,,,UFFI RES V SARDOU GR5,,,,2019-06-24T13:04:23,O,
008022329,A,,,UFFI RES VICTORIEN SARDOU,,,,2019-06-24T13:04:23,O,
008022352,A,,,UFFI RES V SARDOU GR9,,,,2019-06-24T13:04:23,O,
008022386,A,,,UFFI RES DUMONT DE LATTRE,,,,2019-06-24T13:04:23,O,
008022394,A,,,UFFI COP HYACINTHE FAURE 26,,,,2019-06-24T13:04:23,O,
008022428,A,,,UFFI RES ARGENTIERS PIERRE,,,,2019-06-24T13:04:23,O,
008022444,A,,,UFFI COP PETIT TREUIL 44,,,,2019-06-24T13:04:23,O,
008022501,A,,,UFFI COP JEAN JAURES,,,,2019-06-24T13:04:23,O,
008022600,A,,,UFFI COP IMM AINE1 DARNET15,,,,2018-09-29T12:00:20,O,
008022634,A,,,UFFI COP DU CHINCHAUVAUD 3,,,,2019-06-24T13:04:23,O,
008022675,A,,,UFFI RES LES PALMIERS,,,,2019-06-24T13:04:23,O,
008022709,A,,,UFFI RES CASSEAUX BOUGAINVI,,,,2019-06-24T13:04:23,O,
008022717,A,,,RESIDENCE COUDAMY,,,,2018-09-29T12:00:20,O,
008022758,A,,,UFFI COP LA ROSE DES VENTS1,,,,2019-06-24T13:04:23,O,
008022865,A,,,UFFI COP LE CONSUL,,,,2019-06-24T13:04:23,O,
008022931,A,,,RESIDENCE LES VIGNES,,,,2011-11-29T00:10:49,O,
008023285,A,,,GESTRIM COP BENEDICTINS,,,,2019-06-24T13:04:23,O,
008023319,A,,,SYND COP LES DEUX TOURS,,,,2019-06-24T13:04:23,O,
008023376,A,,,GESTRIM COP CITE 16,,,,2019-06-24T13:04:23,O,
008023459,A,,,VRANCKX COP DUTREIX 4,,,,2011-11-29T00:10:49,O,
008023491,A,,,GESTRIM COP VENASSIER 6,,,,2019-06-24T13:04:23,O,
008023624,A,,,MIDI IMM COP CLEMENCEAU,,,,2011-11-29T00:10:50,O,
008023640,A,,,UFFI RES V SARDOU GR1 F3,,,,2019-06-24T13:04:23,O,
008023699,A,,,GESTRIM COP VAURIOL 26,,,,2019-06-24T13:04:23,O,
008023731,A,,,VRANCKX COP DE GAULLE,,,,2019-06-24T13:04:23,O,
008023764,A,,,GESTRIM COP OFFENBACH,,,,2019-06-24T13:04:23,O,
008023954,A,,,GESTRIM SYNDICAT IMMEUBLE,,,,2019-06-24T13:04:23,O,
008024051,A,,,GESTRIM COP CH DE JUILLET,,,,2019-06-24T13:04:23,O,
008024101,A,,,GESTRIM RES L AURENCE BAT,,,,2019-06-24T13:04:23,O,
008024135,A,,,COUDERC JEAN,,,,2011-11-29T00:10:50,O,
008024416,A,,,GESTRIM COP CHINCHAUVAUD 1,,,,2019-06-24T13:04:23,O,
008024424,A,,,GESTRIM COP HTS BEL AIR,,,,2019-06-24T13:04:23,O,
008024465,A,,,MIDI IMM COP 39 RUE HOCHE,,,,2019-06-24T13:04:23,O,
008024481,A,,,GESTRIM LIMOUS RESIDENCE LES CASSEAUX 43,,,,2019-06-24T13:04:23,O,
008024499,A,,,VRANCKX COP DUTREIX 87,,,,2019-10-29T18:00:20,O,
008024507,A,,,ROMECKI HENRI,,,,2018-09-29T12:00:20,O,
008024648,A,,,GESTRIM COP ST MAURICE,,,,2019-06-24T13:04:23,O,
008024655,A,,,SYNDICAT DE COPROPRIETAIRES 12 AVENUE DE TURENNE,,,,2019-06-24T13:04:23,O,
008024689,A,,,GESTRIM IMMEUBLE MADOUMIER,,,,2019-06-24T13:04:23,O,
008024713,A,,,MIDI IMM AV TURENNE 12,,,,2019-06-24T13:04:23,O,
008024739,A,,,RESIDENCE LA COLLEGIALE,,,,2019-06-24T13:04:23,O,
008024762,A,,,MIDI IMM COOPERATEURS 13,,,,2019-10-29T18:00:20,O,
008024770,A,,,RESIDENCE FONTAINE VANTEAUX,,,,2019-06-24T13:04:23,O,
008024788,A,,,GESTRIM COP CHANTELAUVE 41,,,,2019-06-24T13:04:23,O,
008025256,A,,,GESTRIM IMM GAMBETTA 6 8,,,,2019-06-24T13:04:23,O,
008025272,A,,,GESTRIM COP DE BELFORT 14,,,,2019-06-24T13:04:23,O,
008025306,A,,,SOVIM COP DES GEMEAUX,,,,2019-06-24T13:04:23,O,
008025363,A,,,GESTRIM COP P ASTIER 1,,,,2019-06-24T13:04:23,O,
008025439,A,,,COSTE BRUNO COP VAL VIENNE,,,,2019-06-24T13:04:23,O,
008025520,A,,,MIDI IMM COP SYMPHONIE,,,,2019-06-24T13:04:23,O,
008025959,A,,,MIDI IMM COP CLAIRETTES,,,,2019-06-24T13:04:23,O,
008026049,A,,,MIDI IMM COP LEONARD LIMOS,,,,2019-06-24T13:04:23,O,
008026262,A,,,SCIGLIANO DOMINIQUE,,,,2011-11-29T00:10:51,O,
008026288,A,,,BOUQUILLARD,,,,2011-11-29T00:10:51,O,
008026429,A,,,GESTRIM LA ROCHE,,,,2019-06-24T13:04:23,O,
008026437,A,,,GESTRIM IMM REPUBLIQUE,,,,2019-06-24T13:04:23,O,
008026445,A,,,GESTRIM J B BLANC,,,,2019-06-24T13:04:23,O,
008108847,A,,,MIDI IMM COP QUINET SARDOU,,,,2011-11-29T00:10:51,O,
008108862,A,,,MIDI IMM COP L'ETRIER,,,,2019-06-24T13:04:23,O,
008119240,A,,,PRO GEST IMM COP D DUSSOUBS,,,,2019-06-24T13:04:23,O,
008119414,A,,,SOVIM COP DES ALLOIS,,,,2018-09-29T12:00:20,O,
008119430,A,,,SOVIM COP DE LA CITE,,,,2019-06-24T13:04:23,O,
008122418,A,,,GESTRIM COP 17 B ST BENOIT,,,,2019-06-24T13:04:23,O,
008122426,A,,,GESTRIM COP LE TURGOT,,,,2018-09-29T12:00:20,O,
008127920,A,,,MIDI IMM COP MIRABEAU,,,,2019-06-24T13:04:23,O,
008127938,A,,,MIDI IMM COP LE MANEGE,,,,2011-11-29T00:10:51,O,
008131708,A,,,GESTRIM COP CLOS JULES NORI,,,,2019-06-24T13:04:23,O,
008132458,A,,,MIDI IMMOB COP BREGUET SPOR,,,,2018-09-29T12:00:20,O,
008332892,A,,,SYND. COPROPRIETAIRES,,,,2017-05-04T01:02:39,O,
008572489,A,,,SYND COPROP RESIDENCE D'AUBILLY,,,,2013-05-18T02:02:29,O,
008574311,A,,,SYND COPROP RESIDENCE ST REMI GAMBETTA,,,,2018-09-29T12:00:20,O,
008574394,A,,,SYND COPROP RESIDENCE LA VERRERIE,,,,2019-06-24T13:04:23,O,
008574402,A,,,SYND COPROP RESIDENCE NOTRE-DAME,,,,2019-06-24T13:04:23,O,
008574410,A,,,SYND COPROP RESIDENCE BUSSY,,,,2019-06-24T13:04:23,O,
008574428,A,,,SYND COPROP RESIDENCE LES HETRES,,,,2019-06-24T13:04:23,O,
008574451,A,,,SYND COPROP RESIDENCE COURS BRIAND,,,,2019-06-24T13:04:23,O,
008574469,A,,,SYND COPROP 1 3 5 RUE DES ETUVES,,,,2019-06-24T13:04:23,O,
008574477,A,,,SYND COPROP IMMEUBLE GAMMA 1,,,,2019-06-24T13:04:23,O,
008574485,A,,,SYND COPROP RESIDENCE LECLERE,,,,2019-06-24T13:04:23,O,
008574527,A,,,SYND COPROP RESIDENCE VOLTAIRE,,,,2019-06-24T13:04:23,O,
008574543,A,,,SYND COPROP IMMEUBLE GAMMA 5,,,,2012-05-05T00:05:41,O,
008574550,A,,,SYND COPROP RESIDENCE D'ARCHES,,,,2019-06-24T13:04:23,O,
008574576,A,,,RESIDENCE DUBOIS CRANCE,,,,2012-05-05T00:05:41,O,
008574592,A,,,RESIDENCE RIMBAUD,,,,2019-06-24T13:04:23,O,
008574618,A,,,SYND COPROP RESIDENCE LES ARCHERS,,,,2016-04-26T01:03:45,O,
008574626,A,,,IMMEUBLE DU 26 AV D'ARCHES,,,,2018-09-29T12:00:20,O,
008574634,A,,,RESIDENCE BOUTET FLANDRE,,,,2019-06-24T13:04:23,O,
008574642,A,,,IMMEUBLE LES ROCHES,,,,2019-06-24T13:04:23,O,
008574675,A,,,RESIDENCE DU PARC,,,,2019-06-24T13:04:23,O,
008574683,A,,,IMMEUBLE DU 30 BD GAMBETTA,,,,2019-06-24T13:04:23,O,
008574741,A,,,SYND COPROP FLANDRES,,,,2019-06-24T13:04:23,O,
008574774,A,,,SYND COPROP RESIDENCE COLETTE,,,,2019-06-24T13:04:23,O,
008574808,A,,,SYND COPROPRIETE IMMEUBLE NINNIN,,,,2017-05-04T01:02:39,O,
008574840,A,,,SYND COPROP D'IMMEUBLES,,,,2016-04-26T01:03:45,O,
008574873,A,,,SYND COPROPRIETE IMMEUBLE BLOC C 3,,,,2018-09-29T12:00:20,O,
008574881,A,,,SYNDICAT COPROPRIETE RESIDENCE AUVERGNE,,,,2012-05-05T00:05:42,O,
008574899,A,,,IMMEUBLE DU 4 AV DE FLANDRE,,,,2018-09-29T12:00:20,O,
008574907,A,,,SYND COPROP TOUR LAMARTINE,,,,2019-06-24T13:04:23,O,
008574915,A,,,IMMEUBLE DU 16 AV DE FLANDRE,,,,2016-04-26T01:03:45,O,
008574923,A,,,RESIDENCE LES BONS JOURS,,,,2019-08-12T08:32:30,O,
008574931,A,,,IMMEUBLE DU 59 AV DE GAULLE,,,,2019-06-24T13:04:23,O,
008574949,A,,,RESIDENCE TIVOLI,,,,2019-06-24T13:04:23,O,
008574956,A,,,RESIDENCE MANTOUE,,,,2018-09-29T12:00:20,O,
008574972,A,,,RESIDENCE PLEIN SUD,,,,2019-06-24T13:04:23,O,
008574998,A,,,RESIDENCE KENNEDY,,,,2019-06-24T13:04:23,O,
008575003,A,,,RESIDENCE SAINT LOUIS,,,,2019-06-24T13:04:23,O,
008575045,A,,,SYND COPROPRIETE IMMEUBLE PARC DE BALAN,,,,2015-05-14T03:02:17,O,
008575052,A,,,SYND COPROP IMM. LE BAYARD,,,,2018-09-29T12:00:20,O,
008575136,A,,,RESIDENCE LES GRIVES,,,,2019-06-24T13:04:23,O,
008575169,A,,,SYND COPROP RESIDENCE LES TILLEULS,,,,2019-06-24T13:04:23,O,
008575185,A,,,SYND COPR ARDUINNA,,,,2019-06-24T13:04:23,O,
008575193,A,,,RESIDENCE ISOLA BELLA,,,,2019-06-24T13:04:23,O,
008575243,A,,,RESIDENCE THIERS,,,,2019-06-24T13:04:23,O,
008575250,A,,,SYND COPROP RESIDENCE ROBERT DE SORBON,,,,2019-06-24T13:04:23,O,
008575276,A,,,LES TRIENTALES,,,,2019-06-24T13:04:23,O,
008575300,A,,,SYND COPROP RESIDENCE GONZAGUE,,,,2017-05-04T01:02:39,O,
008575334,A,,,SYND COPROP RESIDENCE LE NORD 1,,,,2019-06-24T13:04:23,O,
008605743,A,,,SYND COPROP IMMEUBLE LES CHATAIGNIERS,,,,2019-06-24T13:04:23,O,
008605875,A,,,SYND COPROP IMMEUBLE DU 19 R DU DAGA,,,,2018-09-29T12:00:20,O,
008606998,A,,,SYND COPROP RESIDENCE D'AUBILLY,,,,2019-06-24T13:04:23,O,
008610370,A,,,SYND COPROP IMM DU 88 RTE DE NOUZONVILLE,,,,2011-11-29T00:10:52,O,
008612467,A,,,SYND COPROP RESIDENCE NEVERS,,,,2019-06-24T13:04:23,O,
008763781,A,,,SYND COPROPRIETE GONZAGUE,,,,2019-06-24T13:04:23,O,
008764284,A,,,RESIDENCE FABERT,,,,2018-09-29T12:00:20,O,
008764383,A,,,SYND COPROP RESIDENCE LE MANOIR,,,,2018-09-29T12:00:20,O,
008888570,A,,,SYND COPROP RESIDENCE RONSART,,,,2019-06-24T13:04:23,O,
009270109,A,,,SYND COPRO RESIDENCE DU MIDI,,,,2019-06-24T13:04:23,O,
009380916,A,,,SYND COPRO RESIDENCE HENRI IV,,,,2011-11-29T00:10:52,O,
009380924,A,,,SYND COPROPRIETAIRES JEAN JAURES,,,,2019-06-24T13:04:23,O,
009381013,A,,,SYND COPROP RESIDENCE PARC SAINTE MARIE,,,,2019-06-24T13:04:23,O,
009381047,A,,,SYND COPRO MERMOZ,,,,2019-06-24T13:04:23,O,
009381070,A,,,SYND COPROP RESIDENCE CAMILLE ST SAENS,,,,2019-06-24T13:04:23,O,
009381112,A,,,SYND COPROP LA RESIDENCE PLACE D'ARMES,,,,2019-06-24T13:04:23,O,
009381179,A,,,SYND COPROP CTRE COMMERCIAL DU VERT BOIS,,,,2011-11-29T00:10:52,O,
009381203,A,,,SYND COPRO AU LOGIS FAMILIAL,,,,2019-06-24T13:04:23,O,
009381229,A,,,SYND COPRO RESIDENCE LES TERRASSES,,,,2019-06-24T13:04:23,O,
009381260,A,,,SYND COPRO PARKING SOUTER.VIEILLES COURS,,,,2018-09-29T12:00:20,O,
009381278,A,,,SYND COPRO VOLTAIRE,,,,2019-06-24T13:04:23,O,
009716416,A,,,SYND COPROP RESIDENCE DES FRENES,,,,2018-09-29T12:00:20,O,
009716507,A,,,SYND COPRO BEAUJAN-PRON,,,,2011-11-29T00:10:52,O,
009716564,A,,,SYND COPROP BEAUJEAN,,,,2019-06-24T13:04:23,O,
009716614,A,,,SYND COPRO DEMEURES MISSION UN,,,,2019-06-24T13:04:23,O,
009716655,A,,,SYND COPRO MIRABEAU,,,,2011-11-29T00:10:52,O,
009716762,A,,,SYND COPRO 1 RUE PASTEUR,,,,2019-06-24T13:04:23,O,
009716770,A,,,SYND COPRO BLANQUI BOUCHOR,,,,2019-06-24T13:04:23,O,
009717018,A,,,SYND COPRO LES JARDINS,,,,2019-06-24T13:04:23,O,
009717026,A,,,SYND COPRO LECLERC BALTET,,,,2019-06-24T13:04:23,O,
009717091,A,,,SYND COPRO 10 RUE COURTALON,,,,2011-11-29T00:10:53,O,
009717109,A,,,SYND COPRO MAIL GAMBETTA,,,,2011-11-29T00:10:53,O,
009717125,A,,,PARKING SOUTERRAIN GROS RAISIN,,,,2018-09-29T12:00:20,O,
009717141,A,,,SYND COPRO 5 RUE DE GAULLE,,,,2018-09-29T12:00:20,O,
009717216,A,,,SYND COPRO LECLERC CHANTELOUP,,,,2019-06-24T13:04:23,O,
009717299,A,,,SYND COPRO RESIDENCE DES ARTS,,,,2019-06-24T13:04:23,O,
009717380,A,,,SYND COPRO LE VERGER DES NOELS,,,,2019-06-24T13:04:23,O,
009717521,A,,,SYND COPRO 24 RUE RAYMOND POINCARE,,,,2018-09-29T12:00:20,O,
009717539,A,,,SYND COPRO 22 RUE RAYMOND POINCARE,,,,2011-11-29T00:10:53,O,
009717620,A,,,SYND COPRO 69 AV PASTEUR,,,,2019-06-24T13:04:23,O,
009717653,A,,,SYND COPRO 107 RUE DU GAL DE GAULLE,,,,2012-05-05T00:05:43,O,
009717661,A,,,SYND COPRO 40 BD DANTON,,,,2011-11-29T00:10:53,O,
009717703,A,,,SYND COPRO RUE PIERRE MURARD,,,,2019-06-24T13:04:23,O,
009717711,A,,,SYND COPROP 21 R PIERRE MURARD,,,,2011-11-29T00:10:53,O,
009717729,A,,,SYND COPRO 14 RUE DE LA GUERARDE,,,,2019-06-24T13:04:23,O,
009717943,A,,,SYND COPROP LE TERTRE,,,,2019-06-24T13:04:23,O,
009717950,A,,,SYND COPRO LES SAPINS,,,,2019-06-24T13:04:23,O,
009718032,A,,,SYND COPRO GROS RAISIN-MAUROY,,,,2018-09-29T12:00:20,O,
009718073,A,,,SYND COPRO CLAIR LOGIS,,,,2019-06-24T13:04:23,O,
009718099,A,,,SYND COPROP GROS RAISIN IERE PHASE,,,,2019-06-24T13:04:24,O,
009718115,A,,,SYND COPRO DUBOIS-ARGENCE,,,,2019-06-24T13:04:24,O,
009718149,A,,,SYND COPROP GROS RAISIN 2EME PHASE,,,,2019-06-24T13:04:24,O,
009718172,A,,,SYND COPRO MEURVILLE,,,,2011-11-29T00:10:53,O,
009718180,A,,,SYND COPRO DEMEURES MISSION DEUX,,,,2019-06-24T13:04:24,O,
009718214,A,,,SYND COPRO L'AVENUE,,,,2019-06-24T13:04:24,O,
009718222,A,,,SYNDICAT DE COPROPRIETE RESIDENCE PREIZE,,,,2019-06-24T13:04:24,O,
009718255,A,,,SYND COPRO LE LYS,,,,2019-06-24T13:04:24,O,
009718289,A,,,SYND COPRO ANATOLE FRANCE,,,,2019-06-24T13:04:24,O,
009718297,A,,,SYND COPRO AU LABOUREUR,,,,2019-06-24T13:04:24,O,
009718305,A,,,SYND COPRO BRISEBARRE,,,,2011-11-29T00:10:53,O,
009718313,A,,,SYND COPRO IMM CASIMIR PERRIER,,,,2012-05-05T00:05:43,O,
009718321,A,,,SYND COPRO CHARBONNET,,,,2019-06-24T13:04:24,O,
009718339,A,,,SYND COPRO 54 BD GAMBETTTA,,,,2019-06-24T13:04:24,O,
009718354,A,,,SYND COPRO BOXES VOLTAIRE PATTON,,,,2019-06-24T13:04:24,O,
009718370,A,,,SYND COPRO IMMEUBLE VOLTAIRE,,,,2019-06-24T13:04:24,O,
009718396,A,,,SYND COPRO 33 BIS RUE DES NOES,,,,2019-10-29T18:00:20,O,
009718404,A,,,SYND COPRO 30 BD DANTON,,,,2019-06-24T13:04:24,O,
009718420,A,,,SYND COPRO 14 RUE SADI CARNOT,,,,2019-06-24T13:04:24,O,
009718438,A,,,SYND COPRO IMMEUBLE ROSERAIE,,,,2018-09-29T12:00:20,O,
009718446,A,,,SDC ROND POINT DE SAINT ANDRE,,,,2019-06-24T13:04:24,O,
009718461,A,,,SYND COPRO RESIDENCE BLANCHARD,,,,2012-05-05T00:05:43,O,
009718495,A,,,SYND COPRO 87-91 RUE DE PREIZE,,,,2019-06-24T13:04:24,O,
009718511,A,,,SYND COPRO IMMEUBLE PIERRE GAUTHIER,,,,2019-06-24T13:04:24,O,
009718529,A,,,SYND COPROP IMM R DE LA PIERRE,,,,2019-06-24T13:04:24,O,
009718537,A,,,SYND COPRO PASTEUR SAINT MARTIN,,,,2019-06-24T13:04:24,O,
009718545,A,,,SYND COPRO LOGIS DES NOELS,,,,2019-06-24T13:04:24,O,
009718552,A,,,SYND COPRO CLUB DES NOES,,,,2019-06-24T13:04:24,O,
009718594,A,,,SYND COPRO IMMEUBLE REINE BLANCHE,,,,2012-05-05T00:05:43,O,
009718636,A,,,SYND COPRO DAMES ET GALLIENI,,,,2019-06-24T13:04:24,O,
009718800,A,,,SYND COPRO POINCARE 14 JUILLET,,,,2018-09-29T12:00:20,O,
009718818,A,,,SYND COPRO LE PETIT CREDO,,,,2011-11-29T00:10:53,O,
009718826,A,,,SYND COPRO LES EGLANTINES,,,,2011-11-29T00:10:53,O,
009718834,A,,,SYND COPRO CHARTREUX,,,,2012-05-05T00:05:43,O,
009718883,A,,,SYND COPRO 28 BD SADI CARNOT,,,,2011-11-29T00:10:53,O,
009718933,A,,,SYND COPRO 43 AV PASTEUR,,,,2011-11-29T00:10:54,O,
009718941,A,,,SYND COPRO IMMEUBLE BD 14 JUILLET,,,,2019-06-24T13:04:24,O,
009718974,A,,,SYND COPRO LA PAIX ST ANTOINE,,,,2019-06-24T13:04:24,O,
009718990,A,,,SYND COPRO 8 RUE TOUR BOILEAU,,,,2011-11-29T00:10:54,O,
009719014,A,,,SYND COPRO FOYER CHAMPENOIS GUESDE,,,,2019-06-24T13:04:24,O,
009719022,A,,,SYND COPRO EDOUARD VAILLANT,,,,2019-06-24T13:04:24,O,
009719055,A,,,SYND COPRO 23 ET 25 RUE RAYMOND POINCARE,,,,2018-09-29T12:00:20,O,
009719063,A,,,SYND COPRO LE VENDOME,,,,2018-09-29T12:00:20,O,
009719071,A,,,SYND COPRO 1 BIS RUE COURTALON,,,,2019-06-24T13:04:24,O,
009719089,A,,,SYND COPRO 1 PL DE LA TOUR,,,,2019-06-24T13:04:24,O,
009719105,A,,,SYNDICAT DE COPROPRIETE 30 B V H,,,,2019-10-29T18:00:20,O,
009719188,A,,,SYND COPRO ROND POINT DE L'EUROPE,,,,2019-06-24T13:04:24,O,
009719220,A,,,SYND COPRO LES PRIMEVERES,,,,2014-06-13T23:02:30,O,
009719238,A,,,SYND COPRO LOGIS DE PREIZE,,,,2019-06-24T13:04:24,O,
009719246,A,,,SYND COPRO DU PONT VERT,,,,2012-05-05T00:05:43,O,
009719261,A,,,SYND COPRO IMMEUBLE LE PARC,,,,2018-09-29T12:00:20,O,
009719287,A,,,SYND COPRO IMMEUBLE PANORAMIC,,,,2019-06-24T13:04:24,O,
009719295,A,,,SYND COPRO PANORAMA,,,,2019-06-24T13:04:24,O,
009719329,A,,,SYND COPRO 32 MAIL DES CHARMILLES,,,,2019-06-24T13:04:24,O,
009719337,A,,,SYND COPRO LE CHENE,,,,2019-06-24T13:04:24,O,
009719386,A,,,SYND COPRO 6 RUE VOLTAIRE,,,,2019-06-24T13:04:24,O,
009719451,A,,,SYND COPRO RESIDENCE MODERNE HERRIOT,,,,2019-06-24T13:04:24,O,
009719493,A,,,SYND COPRO 57 RUE GAL SAUSSIER,,,,2018-09-29T12:00:20,O,
009719519,A,,,SYND COPRO LES BUISSONS,,,,2011-11-29T00:10:54,O,
009719527,A,,,SYND COPRO 63 BD BLANQUI,,,,2019-06-24T13:04:24,O,
009719543,A,,,SYND COPRO BELGRAND-BROSSOLETTE,,,,2011-11-29T00:10:54,O,
009731712,A,,,ASS. COPROPRIETE,,,,2018-09-29T12:00:20,O,
009733189,A,,,COPRO IM MERMOZ,,,,2019-06-24T13:04:24,O,
009733759,A,,,ASS. COPROPRIETE,,,,2019-06-24T13:04:24,O,
009733833,A,,,COPRO IM CRYSTAL,,,,2019-06-24T13:04:24,O,
009733841,A,,,COPRO IM GALLIC,,,,2019-06-24T13:04:24,O,
009733932,A,,,ASS. COPROPRIETE IMM. DE LA RONCERAY,,,,2017-05-04T01:02:40,O,
009734005,A,,,COPRO IM SAULES,,,,2019-06-24T13:04:24,O,
009734237,A,,,COPRO IM AV FRANC LIBRES,,,,2019-06-24T13:04:24,O,
009734849,A,,,COPRO IM CONCORDE,,,,2019-06-24T13:04:24,O,
009735127,A,,,COPRO IM PROMENADES,,,,2019-06-24T13:04:24,O,
009735721,A,,,COPRO IM RES PRES,,,,2016-04-26T01:03:45,O,
009735952,A,,,COPRO IMM LE GALLION,,,,2019-06-24T13:04:24,O,
009736216,A,,,COPRO IM RES BELLEVUE,,,,2012-05-05T00:05:44,O,
009737123,A,,,COPRO IM R DUGUESCLIN,,,,2019-06-24T13:04:24,O,
009737172,A,,,ASS. COPROPRIETE,,,,2018-09-29T12:00:20,O,
009737180,A,,,COPRO IM BD LIBERTE,,,,2019-01-14T15:14:34,O,
009739020,A,,,COPRO IM R CHARCOT,,,,2019-06-24T13:04:24,O,
009739061,A,,,ASS COPROPRIETE,,,,2019-06-24T13:04:24,O,
009739418,A,,,ASS COPROPRIETE,,,,2016-04-26T01:03:45,O,
009739764,A,,,ASS COPROPRIETE,,,,2018-09-29T12:00:20,O,
009739772,A,,,ASS COPRO 19 & 21 RUE DE LA CROIX CARREE,,,,2019-06-24T13:04:24,O,
009739780,A,,,ASS COPROPRIETE,,,,2018-09-29T12:00:20,O,
009739822,A,,,COPRO IM R BALZAC,,,,2019-06-24T13:04:24,O,
009740382,A,,,COPRO IM AV LIBRES FRANCAIS,,,,2019-06-24T13:04:24,O,
009740390,A,,,COPRO IM AV BARTHOU,,,,2018-09-29T12:00:20,O,
009740408,A,,,COPRO IM AV BARTHOU,,,,2018-09-29T12:00:20,O,
009740416,A,,,COPRO IM AV BARTHOU,,,,2018-09-29T12:00:20,O,
009740424,A,,,ASS COPROPRIETE,,,,2018-09-29T12:00:20,O,
009740432,A,,,ASS COPROPRIETE,,,,2018-09-29T12:00:20,O,
009740440,A,,,ASS COPROPRIETE,,,,2018-09-29T12:00:20,O,
009740457,A,,,ASS COPROPRIETE,,,,2019-06-24T13:04:24,O,
009740465,A,,,COPROPRIETE IMPASSE DU COUEDIC,,,,2018-09-29T12:00:21,O,
009740473,A,,,COPRO IM AV JANVIER,,,,2019-06-24T13:04:24,O,
009740481,A,,,COPRO IM PL ST GERMAIN,,,,2018-09-29T12:00:21,O,
009740507,A,,,COPRO IM R ST MELAINE,,,,2016-04-26T01:03:45,O,
009740523,A,,,COPRO IM BD LIBERTE,,,,2018-09-29T12:00:21,O,
009740531,A,,,COPRO IM R MICHELET,,,,2018-09-29T12:00:21,O,
009740556,A,,,COPROPRIETE IMM. R ALMA ACACIAS,,,,2019-06-24T13:04:24,O,
009740598,A,,,COPRO IM R SACHER,,,,2018-09-29T12:00:21,O,
009740630,A,,,COPRO IM BD ROOSEVELT,,,,2016-04-26T01:03:45,O,
009740648,A,,,COPROPRIETE IMMEUBLE R ST ALPHONSE,,,,2019-06-24T13:04:24,O,
009740655,A,,,ASS COPRO 2 & 4 R DE LA CROIX CARREE,,,,2018-09-29T12:00:21,O,
009740663,A,,,COPROPRIETE IMM. CASTEL ST MARTIN,,,,2019-06-24T13:04:24,O,
009740671,A,,,COPRO IM AV LIBRES FRANCAIS,,,,2019-06-24T13:04:24,O,
009740697,A,,,COPRO IM CHATEAU DE MAUREPA,,,,2019-06-24T13:04:24,O,
009740713,A,,,COPROPRIETE IMM. R BARBES,,,,2019-06-24T13:04:24,O,
009740721,A,,,COPRO IM AV BARTHOU,,,,2018-09-29T12:00:21,O,
009740754,A,,,COPRO IM AV BARTHOU,,,,2018-09-29T12:00:21,O,
009740770,A,,,COPRO IM SULLY,,,,2019-06-24T13:04:24,O,
009740804,A,,,COPRO IM AV LIBRES FRANCAIS,,,,2018-09-29T12:00:21,O,
009740812,A,,,COPRO IM BD METZ,,,,2019-06-24T13:04:24,O,
009740820,A,,,COPRO IM R MARGUERITE,,,,2018-09-29T12:00:21,O,
009740838,A,,,COPRO IM TAMARIS,,,,2019-06-24T13:04:24,O,
009740853,A,,,COPROPRIETE IMM. POINTEAU RONCERAY,,,,2019-06-24T13:04:24,O,
009740861,A,,,ASS COPROPRIETE,IMM R BOUCHARD,,,2018-09-29T12:00:21,O,
009740879,A,,,ASS. COPROPRIETE,RESIDENCE ST MARTIN,,,2019-06-24T13:04:24,O,
009740887,A,,,ASS COPROPRIETE,IMM R GAMBETTA,,,2019-06-24T13:04:24,O,
009740895,A,,,ASS. COPROPRIETE,,,,2018-09-29T12:00:21,O,
009740911,A,,,COPRO IM AV BRIAND,,,,2016-04-26T01:03:45,O,
009740937,A,,,ASS COPROPRIETE,IMM QUAI ZOLA,,,2018-09-29T12:00:21,O,
009740952,A,,,COPRO IM RES SERRES,,,,2019-06-24T13:04:24,O,
009740960,A,,,ASS COPROPRIETE,IMM RESIDENCE JOFFRE,,,2019-06-24T13:04:24,O,
009740978,A,,,ASS COPROPRIETE,IMM CHEMIN VERT,,,2016-04-26T01:03:45,O,
009740986,A,,,COPRO IM R DUVAL,,,,2018-09-29T12:00:21,O,
009740994,A,,,COPRO IM ARC JEANNE,,,,2018-09-29T12:00:21,O,
009741018,A,,,ASS COPROPRIETE,IMM RUE DE NANTES,,,2019-06-24T13:04:24,O,
009741026,A,,,COPRO IM R JOFFRE,,,,2019-06-24T13:04:24,O,
009741034,A,,,COPRO IM BD POINCARE,,,,2016-04-26T01:03:45,O,
009741067,A,,,COPRO IM R VINCENNES,,,,2017-05-04T01:02:40,O,
009741075,A,,,ASS. COPROPRIETE,,,,2018-09-29T12:00:21,O,
009741083,A,,,COPRO IM R CHATEAURENAULT 3,,,,2016-04-26T01:03:45,O,
009741091,A,,,COPRO IM AV BARTHOU,,,,2018-09-29T12:00:21,O,
009741109,A,,,ASS COPROPRIETE,IMM AV GUILLAUDOT,,,2017-05-04T01:02:40,O,
009741117,A,,,COPRO IM AV BARTHOU,,,,2018-09-29T12:00:21,O,
009741125,A,,,ASS COPRO 9 & 11 RUE PAPU,IMM JOUANNE,,,2019-06-24T13:04:24,O,
009741158,A,,,COPRO IM FLORIDE,,,,2019-06-24T13:04:24,O,
009741166,A,,,COPRO IM LOUISIANE,,,,2019-06-24T13:04:24,O,
009741174,A,,,COPRO IM CALIFORNIE,,,,2019-06-24T13:04:24,O,
009741182,A,,,COPRO IM MISSOURI,,,,2019-06-24T13:04:24,O,
009741190,A,,,COPRO IM MISSISSIPI,,,,2019-06-24T13:04:24,O,
009741208,A,,,COPRO IM R DESCARTES,,,,2018-09-29T12:00:21,O,
009741216,A,,,COPRO IM R SANTE GABRIEL,,,,2018-09-29T12:00:21,O,
009741224,A,,,ASS. COPROPRIETE,LE HOCHE,,,2017-05-04T01:02:40,O,
009741232,A,,,COPRO IM AV JANVIER,,,,2017-05-04T01:02:40,O,
009741299,A,,,COPRO IM R DUHAMEL,,,,2019-06-24T13:04:24,O,
009741323,A,,,COPRO IM BD LIBERTE,,,,2018-09-29T12:00:21,O,
009741349,A,,,COPRO IM BD TOUR D AUVERGNE,,,,2018-09-29T12:00:21,O,
009741364,A,,,ASS COPROPRIETE,IMM RUE A LE BRAZ,,,2018-09-29T12:00:21,O,
009741398,A,,,COPRO IM THEBAUDAIS,,,,2016-04-26T01:03:45,O,
009741414,A,,,ASS COPROPRIETE,IMM BD ROBIDOU,,,2018-09-29T12:00:21,O,
009741422,A,,,COPRO IM PL GARE,,,,2018-09-29T12:00:21,O,
009741448,A,,,ASS. COPROPRIETE,L'EPSILON,,,2019-06-24T13:04:24,O,
009741455,A,,,ASS. COPROPRIETE,,,,2019-06-24T13:04:24,O,
009741463,A,,,COPRO IM MOULIN ST MARTIN,,,,2019-06-24T13:04:24,O,
009741489,A,,,COPRO IM BD LIBERTE,,,,2018-09-29T12:00:21,O,
009741505,A,,,COPRO IM RACINE,,,,2018-09-29T12:00:21,O,
009741513,A,,,ASS. COPROPRIETE IM ALL CORMIER,,,,2019-06-24T13:04:24,O,
009741547,A,,,ASS COPRO IMM LE CLOS MAREUIL,,,,2018-09-29T12:00:21,O,
009741992,A,,,COPRO IM R FOUGERES,,,,2018-09-29T12:00:21,O,
009742032,A,,,ASS. COPROPRIETE,,,,2019-06-24T13:04:24,O,
009742065,A,,,ASS. COPROPRIETE,,,,2011-11-29T00:10:56,O,
009742099,A,,,ASS. COPROPRIETE,,,,2019-06-24T13:04:24,O,
009742206,A,,,ASS. COPROPRIETE,,,,2019-06-24T13:04:24,O,
009742255,A,,,ASS. COPROPRIETE,,,,2011-11-29T00:10:56,O,
009742776,A,,,COPRO IM R ALIZES,,,,2019-06-24T13:04:24,O,
009743170,A,,,COPRO IM R THABOR,,,,2018-09-29T12:00:21,O,
009743238,A,,,COPRO IM SCI DUCOUDRAY,,,,2018-09-29T12:00:21,O,
009743873,A,,,COPRO IM R ROHAN,,,,2018-09-29T12:00:21,O,
009743956,A,,,COPRO IM R CHATEAURENAULT,,,,2019-06-24T13:04:24,O,
009743998,A,,,COPRO IM R ESTREES,,,,2019-06-24T13:04:24,O,
009744046,A,,,COPRO IM BOURGEOIS FRANCS 8,,,,2018-09-29T12:00:21,O,
009744053,A,,,COPRO IM R MACE,,,,2019-06-24T13:04:24,O,
009744103,A,,,COPRO IM AV BARTHOU,,,,2018-09-29T12:00:21,O,
009744186,A,,,COPRO IM AV BRIAND,,,,2019-06-24T13:04:24,O,
009744244,A,,,COPRO IM R POULLAIN DUPARC,,,,2019-06-24T13:04:24,O,
009744251,A,,,COPRO IM R DUPARC POULLAIN,,,,2018-09-29T12:00:21,O,
009744269,A,,,COPRO IM GGE DUPARC POULLAI,,,,2018-09-29T12:00:21,O,
009744277,A,,,COPRO IM R FOUGERES,,,,2019-06-24T13:04:24,O,
009744293,A,,,COPRO IM AV BRIAND,,,,2019-06-24T13:04:24,O,
009744376,A,,,ASS. COPROPRIETE IMM. DAUPHINE,,,,2011-11-29T00:10:57,O,
009744384,A,,,ASS. COPROPRIETE IMM. DAUPHINE,,,,2015-05-03T18:01:18,O,
009744392,A,,,ASS. COPROPRIETE IMM. DAUPHINE,,,,2011-11-29T00:10:57,O,
009744400,A,,,ASS. COPROPRIETE IMM. DAUPHINE,,,,2011-11-29T00:10:57,O,
009744418,A,,,ASS COPROPRIETE,IMM SQ DAUPHINE,,,2012-05-05T00:05:45,O,
009745837,A,,,ASS. COPROPRIETE,LA GOELETTE,,,2019-06-24T13:04:24,O,
009745902,A,,,ASS COPROPRIETE,,,,2018-09-29T12:00:21,O,
009745951,A,,,COPRO IM RES RICHEMONT,,,,2019-06-24T13:04:24,O,
009745985,A,,,COPRO IM BD SEVIGNE,,,,2018-09-29T12:00:21,O,
009745993,A,,,ASS COPROPRIETE,,,,2019-06-24T13:04:24,O,
009747411,A,,,COPRO IM RES LAENNEC,,,,2019-06-24T13:04:24,O,
009747445,A,,,COPRO IM R COCHARDIERE,,,,2013-05-18T02:02:30,O,
009747817,A,,,COPRO IM Q LAMENNAIS,,,,2019-10-29T18:00:20,O,
009913260,A,,,COPRO IM PELICAN,,,,2019-06-24T13:04:24,O,
009914896,A,,,COPRO IM R ST MALO,,,,2018-09-29T12:00:21,O,
010234318,A,,,SYND DE COPROPRIETE,RESIDENCE DU VALLON,,,2019-06-24T13:04:24,O,
010234391,A,,,DE COPROPRIETE,,,,2019-06-24T13:04:24,O,
010234441,A,,,SYND DE COPROPRIETE,,,,2019-06-24T13:04:24,O,
010234805,A,,,DE COPROPRIETE,,,,2018-09-29T12:00:21,O,
010234821,A,,,DE COPROPRIETE,,,,2012-05-05T00:05:46,O,
010234839,A,,,DE COPROPRIETE,,,,2013-05-18T02:02:30,O,
010234854,A,,,DE COPROPRIETE,,,,2019-06-24T13:04:24,O,
010235828,A,,,SYND DE COPROPRIETE,RESEDENCE ROND POINT CORNIC,,,2013-05-18T02:02:30,O,
010235851,A,,,SYND DE COPROPRIETE,RESIDENCE DE LA MAIRIE,,,2013-05-18T02:02:30,O,
010235885,A,,,DE COPROPRIETE,,,,2013-05-18T02:02:30,O,
010237923,A,,,DE COPROPRIETE,,,,2018-09-29T12:00:21,O,
010239754,A,,,DE COPROPRIETE SGI,,,,2019-06-24T13:04:24,O,
010239770,A,,,DE COPROPRIETE SGI,,,,2019-06-24T13:04:24,O,
010239788,A,,,DE COPROPRIETE SGI,,,,2019-06-24T13:04:24,O,
010239820,A,,,DE COPROPRIETE SGI,,,,2019-06-24T13:04:24,O,
010239960,A,,,DE COPROPRIETE SGI,,,,2011-11-29T00:10:57,O,
010240000,A,,,SYND DE COPROPRIETE,,,,2011-11-29T00:10:57,O,
010240018,A,,,SYND DE COPROPRIETE,,,,2011-11-29T00:10:57,O,
010240083,A,,,DE COPROPRIETE SGI,,,,2011-11-29T00:10:57,O,
010240109,A,,,DE COPROPRIETE SGI,,,,2019-06-24T13:04:24,O,
010240208,A,,,DE COPROPRIETE SGI,,,,2011-11-29T00:10:58,O,
010240216,A,,,DE COPROPRIETE SGI,,,,2011-11-29T00:10:58,O,
010240372,A,,,DE COPROPRIETE SGI,,,,2019-06-24T13:04:24,O,
010240455,A,,,DE COPROPRIETE SGI,,,,2019-06-24T13:04:24,O,
010240463,A,,,DE COPROPRIETE SGI,,,,2011-11-29T00:10:58,O,
010240513,A,,,DE COPROPRIETE SGI,,,,2011-11-29T00:10:58,O,
010240752,A,,,DE COPROPRIETE SGI,,,,2011-11-29T00:10:58,O,
010240786,A,,,SYNDIC COPRO,,,,2011-11-29T00:10:58,O,
010240836,A,,,SYND DE COPROPRIETE GI,,,,2019-06-24T13:04:24,O,
010240927,A,,,SYND COPROPRIETE 110 A RUE ROBESPIERRE,,,,2019-06-24T13:04:24,O,
010240968,A,,,DE COPROPRIETE SGI,,,,2019-06-24T13:04:24,O,
010241115,A,,,DE COPROPRIETE SGI,,,,2011-11-29T00:10:58,O,
010241156,A,,,DE COPROPRIETE SGI,,,,2011-11-29T00:10:58,O,
010241164,A,,,DE COPROPRIETE SGI,,,,2011-11-29T00:10:58,O,
010241305,A,,,DE COPROPRIETE SGI,,,,2011-11-29T00:10:58,O,
010241321,A,,,DE COPROPRIETE SGI,,,,2011-11-29T00:10:58,O,
010241347,A,,,SYND DE COPROPRIETE SGI,,,,2019-06-24T13:04:24,O,
010241404,A,,,DE COPROPRIETE SGI,,,,2019-06-24T13:04:24,O,
010241503,A,,,DE COPROPRIETE SGI,,,,2019-06-24T13:04:24,O,
010241511,A,,,DE COPROPRIETE  GALAXIE B,,,,2019-06-24T13:04:24,O,
010241537,A,,,DE COPROPRIETE SGI,,,,2019-06-24T13:04:24,O,
010241545,A,,,DE COPROPRIETE SGI,,,,2019-06-24T13:04:24,O,
010241552,A,,,DE COPROPRIETE SGI,,,,2019-06-24T13:04:24,O,
010241735,A,,,SYND DE COPROPRIETE SGI,,,,2019-06-24T13:04:24,O,
010241768,A,,,SYND DE COPROPRIETE SGI,,,,2019-06-24T13:04:24,O,
010241974,A,,,DE COPROPRIETE SGI,,,,2011-11-29T00:10:59,O,
010241982,A,,,DE COPROPRIETE SGI,,,,2011-11-29T00:10:59,O,
010242147,A,,,SYNDICAT DES COPROPRIETAIRES,,,,2018-09-29T12:00:21,O,
010242154,A,,,DE COPROPRIETE SGI,,,,2011-11-29T00:10:59,O,
010242469,A,,,SYND COPRO RESIDENCE LA THEBAIDE,,,,2019-06-24T13:04:24,O,
010242741,A,,,DE COPROPRIETE SGI,,,,2011-11-29T00:10:59,O,
010242782,A,,,DE COPROPRIETE SGI,,,,2011-11-29T00:10:59,O,
010243202,A,,,SYND DE COPROPRIETE,RESEIDENCE VIAN,,,2014-06-13T23:02:32,O,
010243426,A,,,COPRO BAI RES LES PINS BOUSSOLE 7,,,,2018-09-29T12:00:21,O,
010243541,A,,,SYND DE COPROPRIETE,,,,2013-05-18T02:02:30,O,
010245413,A,,,DE COPROPRIETE,,,,2016-04-26T01:03:46,O,
010248763,A,,,SYND DE COPROPRIETE,,,,2011-11-29T00:10:59,O,
010249183,A,,,DE COPROPRIETE SGI,,,,2019-06-24T13:04:24,O,
010249266,A,,,DE COPROPRIETE,,,,2019-10-29T18:00:20,O,
010353399,A,,,SYND DE COPROPRIETE SGI,,,,2011-11-29T00:10:59,O,
010353480,A,,,DE COPROPRIETE,,,,2019-06-24T13:04:24,O,
010353522,A,,,DE COPROPRIETE,,,,2018-09-29T12:00:21,O,
010353647,A,,,DE COPROPRIETE,,,,2019-10-29T18:00:20,O,
010434637,A,,,COPR IMM R PROMENADES,,,,2013-05-18T02:02:30,O,
010435436,A,,,SYND DE COPROPRIETE,RESIDENCE DE LA TOUR D'AUVERGNE,,,2019-06-24T13:04:24,O,
010436772,A,,,COPR RES PL DU MARTRAY,,,,2018-09-29T12:00:21,O,
010436871,A,,,COPR RES DU CENTRE,,,,2019-06-24T13:04:24,O,
010436921,A,,,COPR RES TOUR D ARMOR,,,,2019-06-24T13:04:24,O,
010437036,A,,,COPR RES LE RIAL,,,,2019-06-24T13:04:24,O,
010437044,A,,,COPR IMM LANRVEN,,,,2019-06-24T13:04:24,O,
010437069,A,,,COPR RESIDENCE KREIZ AR LAN,,,,2019-06-24T13:04:24,O,
010437127,A,,,COPR RES PARK NEVEZ,,,,2019-06-24T13:04:24,O,
010437226,A,,,COPR RES ST YVES,,,,2012-05-05T00:05:47,O,
010437291,A,,,SYNDIC RESIDENCE DU BIEF,,,,2011-11-29T00:11:00,O,
010437341,A,,,COPR IMM ST YVES,,,,2011-11-29T00:11:00,O,
010437622,A,,,COPR RES KERVENNO,,,,2019-06-24T13:04:24,O,
010437697,A,,,COPR RES PETIT REGINA,,,,2018-09-29T12:00:21,O,
010437929,A,,,COP RES LE GRAND LARGE,,,,2019-06-24T13:04:24,O,
010438059,A,,,COPR IMM LE MAMMOUTH,,,,2019-06-24T13:04:24,O,
010438075,A,,,COPR RES LE PANORAMA,,,,2011-11-29T00:11:00,O,
010438240,A,,,COPR RES AR GWEL PERROS,,,,2011-11-29T00:11:00,O,
010438281,A,,,COPR RES LA ROSERAIE,,,,2019-06-24T13:04:24,O,
010438380,A,,,COPR RES JEANNE D ARC,,,,2019-06-24T13:04:24,O,
010438471,A,,,SYND COPRO 1 JARDIN PAIMPOL,,,,2019-06-24T13:04:24,O,
010438539,A,,,COPR RES BELLEVUE,,,,2019-06-24T13:04:24,O,
010438547,A,,,COPR RES LE PORTRIEUX,,,,2011-11-29T00:11:00,O,
010438687,A,,,COPR SCIGG IM B,,,,2019-06-24T13:04:24,O,
010438745,A,,,COPR RES ST JEAN,,,,2017-05-04T01:02:40,O,
010438786,A,,,COPR RES MARINES TRESMEUR,,,,2019-06-24T13:04:24,O,
010438828,A,,,COPR RES DE LA PLAGE PERROS,,,,2019-06-24T13:04:24,O,
010438869,A,,,COPR RES GOLF,,,,2011-11-29T00:11:00,O,
010438935,A,,,COPR IMM MARINES,,,,2011-11-29T00:11:01,O,
010441764,A,,,SYND DE COPROPRIETE,RESIDENCE HAUTE RIVE,,,2019-06-24T13:04:24,O,
010441962,A,,,COPR RES NOTRE DAME,,,,2019-06-24T13:04:24,O,
010442010,A,,,COPR RES LA PLAGE,,,,2011-11-29T00:11:01,O,
010442051,A,,,COPR RES LA PLAGE TRESTEL,,,,2019-06-24T13:04:24,O,
010726313,A,,,COP GRAND LARGE,,,,2011-11-29T00:11:01,O,
010726438,A,,,COPROPRIETE DU COSTYR,,,,2011-11-29T00:11:01,O,
010727915,A,,,COP LE LION D OR,,,,2018-09-29T12:00:21,O,
010926525,A,,,SYND DE COPROPRIETE,RESIDENCE ROBESPIERRE,,,2018-09-29T12:00:21,O,
010926723,A,,,SYND COP CABINET CAGIL,,,,2019-06-24T13:04:24,O,
011139532,A,,,COPRO RES RUE DE L'OCEAN,,,,2019-06-24T13:04:24,O,
011142049,A,,,COPROP RESIDENCE DU PARC,RESIDENCE DU PARC,,,2019-06-24T13:04:24,O,
011143427,A,,,CIVILE IMM MEN ER BELEG,,,,2019-06-24T13:04:24,O,
011144540,A,,,SYND DE COPROPRIETE,RESIDENCE PLEIN CIEL,,,2019-06-24T13:04:24,O,
011327137,A,,,SYND COPROPRIETE RESIDENCE DE LAXOU,,,,2011-11-29T00:11:02,O,
011328234,A,,,SYND COPROPRIETE 67-69 ANATOLE FRANCE,,,,2019-06-24T13:04:24,O,
011336963,A,,,SYND COPROPRIETE DU 9 BIS RUE PASTEUR,,,,2012-05-05T00:05:48,O,
011337094,A,,,SYND COPROPRIETE RESIDENCE SAINT GERARD,,,,2018-09-29T12:00:21,O,
011338522,A,,,COPROP L AIGUILLETTE,,,,2019-06-24T13:04:24,O,
011338548,A,,,COPROPRIETE JEAN JAURES,,,,2019-06-24T13:04:24,O,
011338613,A,,,HERMITE STE LAMIRAND SCI,,,,2019-06-24T13:04:24,O,
011338621,A,,,IMMEUBLE COPROPRIETE,,,,2010-03-19T17:38:37,O,
011338662,A,,,LA NANCEIDE,,,,2019-06-24T13:04:24,O,
011338753,A,,,SCI RESIDENCE SAINT NICOLAS,,,,2019-06-24T13:04:24,O,
011338779,A,,,RES LE CONTEMPORAIN,,,,2019-06-24T13:04:24,O,
011338795,A,,,SCI RESIDENCE LE CEZANNE,,,,2019-06-24T13:04:24,O,
011338845,A,,,SCI RESIDENCE COMMANDERIE,,,,2019-06-24T13:04:24,O,
011338852,A,,,RES HARDEVAL,,,,2019-06-24T13:04:24,O,
011338886,A,,,RESIDENCE ALBERT 1 ER BRIEY,,,,2019-02-08T08:37:09,O,
011338902,A,,,RES 49 BD FOCH,,,,2019-06-24T13:04:24,O,
011338936,A,,,SCI LA ROSERAIE,,,,2019-06-24T13:04:24,O,
011338993,A,,,CIV G DE LATOUR,,,,2019-06-24T13:04:24,O,
011339033,A,,,DU 26 RUE A BRIAND,,,,2015-05-14T03:02:18,O,
011339074,A,,,LES CHARMETTES SAINT MAX,,,,2019-06-24T13:04:24,O,
011339090,A,,,GODFROY DE BOUILLON,,,,2019-06-24T13:04:24,O,
011339108,A,,,SCI SAINT SEBASTIEN,,,,2019-06-24T13:04:24,O,
011339124,A,,,HAUT RIVAGE,,,,2019-06-24T13:04:24,O,
011339132,A,,,35 T RUE SAINT NICOLAS,,,,2015-05-14T03:02:18,O,
011339249,A,,,SOCIETE CIVILE IMMOB ZOLA CURIE,,,,2019-06-24T13:04:24,O,
011339264,A,,,STE CIV IMMOB ALBERT 1ER,,,,2019-06-24T13:04:24,O,
011339314,A,,,STE CIV IMMOB A LECLERC,,,,2013-05-18T02:02:30,O,
011339330,A,,,SCI CLOS DE MEDREVILLE,,,,2019-06-24T13:04:24,O,
011339371,A,,,STE CIV IMMOB BEL AIR VANDO,,,,2019-06-24T13:04:24,O,
011339389,A,,,DIX HUIT R COMMANDERIE,,,,2019-06-24T13:04:24,O,
011339413,A,,,SCI RESIDENCE LORRAINE,,,,2019-06-24T13:04:24,O,
011339470,A,,,AV GAL LECLERC,,,,2019-08-22T15:32:18,O,
011339561,A,,,S.C.I. CURE D AIR,,,,2019-06-24T13:04:24,O,
011339579,A,,,IMM JOFFRE ST THIEBAUT,,,,2019-06-24T13:04:24,O,
011339595,A,,,OCTROI SAINT NICOLAS,,,,2019-06-24T13:04:24,O,
011339603,A,,,DES CHENEVIERES,,,,2019-06-24T13:04:24,O,
011339645,A,,,RES VILLAROISE,,,,2019-06-24T13:04:24,O,
011339736,A,,,SYNDIC COPROP RES. LUNEVILLE LORRAINE,,,,2019-06-24T13:04:24,O,
011339769,A,,,A BRIAND,,,,2019-06-24T13:04:24,O,
011339819,A,,,LA RESIDENCE,,,,2019-06-24T13:04:24,O,
011339827,A,,,ORATOIRE,,,,2019-06-24T13:04:24,O,
011339843,A,,,SYNDICAT DES COPRORIETAIRES ST CHARLES,,,,2019-06-24T13:04:24,O,
011339918,A,,,RESID MINERVE,,,,2019-06-24T13:04:24,O,
011339926,A,,,SCI STE GENEVIEVE,,,,2019-06-24T13:04:24,O,
011339934,A,,,STE COLETTE,,,,2019-06-24T13:04:24,O,
011340007,A,,,CIV LA PETITE RESID,,,,2019-06-24T13:04:24,O,
011340056,A,,,SCI RESIDENCE MONTET OCTROI,,,,2019-06-24T13:04:24,O,
011340064,A,,,SCI RESIDENCE MERCURE,,,,2012-05-05T00:05:49,O,
011340106,A,,,SCI PERSPECTIVES,,,,2019-06-24T13:04:24,O,
011340163,A,,,PLEIADE VANDOEUVRE,,,,2019-06-24T13:04:24,O,
011340197,A,,,RESIDENCE DU PARC,,,,2019-06-24T13:04:24,O,
011340221,A,,,SCI PONT DE PIERRE,,,,2019-06-24T13:04:24,O,
011340296,A,,,COPROP OCTROI ST NICOLAS,,,,2019-06-24T13:04:24,O,
011340346,A,,,COPROP EDELWEISS,,,,2019-06-24T13:04:24,O,
011340379,A,,,COPROP CAP VERT,,,,2018-09-29T12:00:21,O,
011340429,A,,,COPROP.RESIDENCE SAURUPT,,,,2019-06-24T13:04:24,O,
011340452,A,,,COPR R SCHMITT,,,,2019-06-24T13:04:24,O,
011340510,A,,,COPROP CARINA,,,,2019-06-24T13:04:24,O,
011340569,A,,,SYNDICAT COPRO LE CHANCENAY,,,,2019-06-24T13:04:24,O,
011340577,A,,,COPROP IMM R ST MICHEL,,,,2011-11-29T00:11:04,O,
011340619,A,,,DES COPROPRIETAIRES RESID,,,,2019-06-24T13:04:24,O,
011340635,A,,,COPROP 74 R VAUCOULEURS,,,,2011-11-29T00:11:04,O,
011340650,A,,,COPROP 3OBD BAUDRICOURT,,,,2019-06-24T13:04:24,O,
011340676,A,,,SYND COPRO IMMEUBLE IMPERIAL,,,,2019-06-24T13:04:24,O,
011340684,A,,,DES COPR.DU BUILDING JOFFRE,,,,2019-06-24T13:04:24,O,
011340718,A,,,COPROP HORIZON II MIL,,,,2019-06-24T13:04:24,O,
011340742,A,,,COPR THIERY SOLET,,,,2011-11-29T00:11:04,O,
011340783,A,,,COPR CEN COMM ST SEBAST,,,,2019-06-24T13:04:24,O,
011340882,A,,,SYNDIC DE COPROPRIETE,,,,2011-11-29T00:11:04,O,
011340940,A,,,SYND COPROPRIETE PARC DE LIBREMONT,,,,2019-06-24T13:04:24,O,
011340965,A,,,COPROP LES II RESIDENCES,,,,2019-06-24T13:04:24,O,
011341039,A,,,COPRO. RES. CORVEES JOLIES,,,,2019-06-24T13:04:24,O,
011341062,A,,,COPR RES MICHELET,,,,2011-11-29T00:11:04,O,
011341070,A,,,SYNDICAT DES COPROPRIETAIRES,,,,2019-06-24T13:04:24,O,
011341096,A,,,SYNDICALE MONTET EUROPE,,,,2019-06-24T13:04:24,O,
011341104,A,,,COPROPRIETE BYZANCE,,,,2018-09-29T12:00:21,O,
011341179,A,,,COPROP CENTRAL PARK,,,,2019-06-24T13:04:24,O,
011341211,A,,,COPRO RESIDENCE LES SOURCES,,,,2019-06-24T13:04:24,O,
011341278,A,,,COPROP BAT ALSACE LORR,,,,2019-06-24T13:04:24,O,
011341328,A,,,COPROP J D ARC,,,,2019-06-24T13:04:24,O,
011341344,A,,,COPROP RES TRIDENT,,,,2019-06-24T13:04:24,O,
011341385,A,,,COPROP LES CORDELIERS NANCY,,,,2019-06-24T13:04:24,O,
011341401,A,,,COPRO VILLES FRANCE,,,,2019-06-24T13:04:24,O,
011341443,A,,,COPROP 66 R JEANNE D'ARC,,,,2019-06-24T13:04:24,O,
011341468,A,,,COPROP RESIDENCE ANDROMEDE,,,,2019-06-24T13:04:24,O,
011341492,A,,,COPROP LE TRIANGLE,,,,2019-06-24T13:04:24,O,
011341526,A,,,COPROPRIETE JEANNE D'ARC NÂ°286,,,,2019-06-24T13:04:24,O,
011341567,A,,,DES COPROPRIETAIRES,,,,2011-11-29T00:11:04,O,
011341625,A,,,COPROPRIETE RES. LA LORRAINE,,,,2014-06-13T23:02:34,O,
011341633,A,,,COPROP RES PARC ST GUERIN,,,,2019-06-24T13:04:24,O,
011341724,A,,,COPROPRIETE,,,,2018-09-29T12:00:21,O,
011341856,A,,,COPROPRIETAIRES RESIDENCE,,,,2019-06-24T13:04:24,O,
011341930,A,,,SYND COPR EUROPE,,,,2019-06-24T13:04:24,O,
011342060,A,,,COPROP 258 26O R J D'ARC,,,,2019-06-24T13:04:25,O,
011342078,A,,,COPROP. LE NOUVEAU LEOPOLD,,,,2019-06-24T13:04:25,O,
011342227,A,,,COPROP IMMEUBLE LEONARD,,,,2011-11-29T00:11:05,O,
011342359,A,,,EPIS,,,,2011-11-29T00:11:05,O,
011342474,A,,,SYNDICAT DE COPROPRIETAIRES,,,,2011-11-29T00:11:05,O,
011387982,A,,,BARBEY JEAN,,,,2011-11-29T00:11:05,O,
011400868,A,,,COLLIN BERNARD,,,,2018-09-29T12:00:21,O,
011401494,A,,,COPR RES DES PRES,,,,2019-06-24T13:04:25,O,
011401502,A,,,COPROPR.RESID.EUROPE,,,,2019-06-24T13:04:25,O,
011401510,A,,,COPROPRIETE,,,,2016-08-25T10:04:44,O,
011401593,A,,,COPROPRIETE IMM L ETOILE,,,,2019-06-24T13:04:25,O,
011401650,A,,,COPROP REMBL PLAI,,,,2019-06-24T13:04:25,O,
011401676,A,,,COPRO SOUS LA RIVIERE,,,,2019-06-24T13:04:25,O,
011401684,A,,,COPROPRIETE I2 PATTON,,,,2019-06-24T13:04:25,O,
011422912,A,,,IM LXXV AV FRANCE COPROP,,,,2018-09-29T12:00:21,O,
011422938,A,,,IM QUARANTE HUIT A FRANCE,,,,2019-06-24T13:04:25,O,
012372116,A,,,GAY ANDREE,,,,2018-09-29T12:00:21,O,
012448452,A,,,LA SAINTONGE,,,,2018-09-29T12:00:21,O,
012793527,A,,,IMMEUBLE BIR HAKEIM,,,,2019-06-24T13:04:25,O,
012862249,A,,,IMMEUBLE,,,,2019-06-24T13:04:25,O,
012862371,A,,,RESIDENCE DU LYS,,,,2017-05-04T01:02:41,O,
012862397,A,,,RESIDENCE LE HOUX,,,,2019-06-24T13:04:25,O,
012862405,A,,,RESIDENCE VOTRE LOGEMENT,,,,2019-06-24T13:04:25,O,
012862413,A,,,RESIDENCE BEAULIEU,,,,2019-06-24T13:04:25,O,
012862421,A,,,RESIDENCE LE PRINTEMPS,,,,2019-06-24T13:04:25,O,
012862462,A,,,RESIDENCE CLAIREFONTAINE,,,,2019-06-24T13:04:25,O,
012862470,A,,,RESIDENCE TURFAUDIERE,,,,2019-06-24T13:04:25,O,
012862496,A,,,RESIDENCE VALHUBERT,,,,2018-09-29T12:00:21,O,
012862504,A,,,RESIDENCE ST HILAIRE,,,,2019-06-24T13:04:25,O,
012862538,A,,,RESIDENCE CROIX PERRIERES,,,,2019-06-24T13:04:25,O,
012862553,A,,,RESIDENCE LE STADE,,,,2011-11-29T00:11:06,O,
012862579,A,,,RESIDENCE CONSTITUTION,,,,2019-06-24T13:04:25,O,
012862587,A,,,RES DES FLEURS,,,,2018-09-29T12:00:21,O,
012862595,A,,,GENETS 3,,,,2011-11-29T00:11:06,O,
012862603,A,,,GENETS 1,,,,2011-11-29T00:11:07,O,
012862611,A,,,HENNEGRAVE PA SYNDIC,,,,2011-11-29T00:11:07,O,
012862629,A,,,RESIDENCE EDEN,,,,2019-06-24T13:04:25,O,
012862678,A,,,RESIDENCE MONTEBELLO,,,,2018-09-29T12:00:21,O,
012862694,A,,,RESIDENCE NORMANDY,,,,2011-11-29T00:11:07,O,
012862736,A,,,RESIDENCE LA DUCHE,,,,2019-06-24T13:04:25,O,
012862744,A,,,SYND BENEVOLE HAUTS DUCHE,,,,2019-06-24T13:04:25,O,
012862785,A,,,RESIDENCE DUJARDIN,,,,2019-06-24T13:04:25,O,
012862819,A,,,SYND PROPR LE LIAIS,,,,2020-02-04T04:05:23,O,
012862926,A,,,IMMEUBLE ALMA,,,,2019-06-24T13:04:25,O,
012862942,A,,,RESIDENCE PASTEUR,,,,2019-06-24T13:04:25,O,
012862975,A,,,SYND PROPRI RESIDENCE CLOS DU PUITS,,,,2018-09-29T12:00:21,O,
012862983,A,,,SYND PROP RESIDENCE CLOS DU PUITS,,,,2018-09-29T12:00:21,O,
012862991,A,,,RESIDENCE CONSTANCE,,,,2019-06-24T13:04:25,O,
012863114,A,,,RESIDENCE MOLIERE,,,,2011-11-29T00:11:07,O,
012863171,A,,,RESIDENCE LA MONTJOIE BAT B,,,,2019-06-24T13:04:25,O,
012863189,A,,,RESIDENCE DE LA MONTJOIE BAT C,,,,2019-06-24T13:04:25,O,
012863197,A,,,RESIDENCE MONTJOIE BAT A,,,,2019-06-24T13:04:25,O,
012863205,A,,,RESIDENCE SURCOUF,,,,2019-06-24T13:04:25,O,
012863221,A,,,RESIDENCE MURAT,,,,2011-11-29T00:11:07,O,
012863262,A,,,IMMEUBLE BAIONNETTE OUEST,,,,2018-09-29T12:00:21,O,
012863270,A,,,RESIDENCE LES TILLEULS,,,,2017-05-04T01:02:41,O,
012863288,A,,,IMMEUBLE LE ROCHER DE LA LIBERTE,,,,2019-06-24T13:04:25,O,
012863320,A,,,IMMEUBLE JEAN MOULIN,,,,2018-09-29T12:00:21,O,
012863361,A,,,IMMEUBLE RUE DU NEUFBOURG,,,,2018-09-29T12:00:21,O,
012863379,A,,,SYND COPRO RONCHETTES 1,,,,2019-06-24T13:04:25,O,
012863387,A,,,SYND COPRO RONCHETTES 2,,,,2019-06-24T13:04:25,O,
012863395,A,,,IMMEUBLE RONCHETTES 3,,,,2019-06-24T13:04:25,O,
012863403,A,,,IMMEUBLE LES PLATANES,,,,2018-09-29T12:00:21,O,
012863411,A,,,IMMEUBLE ANDRE GROULT,,,,2019-06-24T13:04:25,O,
012863437,A,,,RESIDENCE DU THEATRE,,,,2018-09-29T12:00:21,O,
012863445,A,,,SYND COPR IMMEUBLE RUE DU DOCTEUR LETURC,,,,2018-09-29T12:00:21,O,
012863452,A,,,IMMEUBLE HOTEL DE VILLE,,,,2019-06-24T13:04:25,O,
012863460,A,,,RESIDENCE BEAUX REGARDS,,,,2019-06-24T13:04:25,O,
012863478,A,,,RESIDENCE BELLEVUE,,,,2019-06-24T13:04:25,O,
012863486,A,,,RESIDENCE BEAUX REGARDS,,,,2019-06-24T13:04:25,O,
012863494,A,,,RESIDENCE DES IRIS,,,,2019-06-24T13:04:25,O,
012863502,A,,,IMMEUBLE DE L OMBREE,,,,2019-06-24T13:04:25,O,
012863510,A,,,IMMEUBLE DU NEUFBOURG,,,,2019-06-24T13:04:25,O,
012863528,A,,,IMMEUBLE LETURC,,,,2019-06-24T13:04:25,O,
012863551,A,,,IMMEUBLE MARECHAL LECLERC,,,,2018-09-29T12:00:21,O,
012863569,A,,,IMMEUBLE BELLEVUE,,,,2011-11-29T00:11:08,O,
012863593,A,,,IMMEUBLE BAIONNETTE NORD,,,,2019-06-24T13:04:25,O,
012863601,A,,,RESIDENCE DU PARC,,,,2019-06-24T13:04:25,O,
012863643,A,,,RESIDENCE DE LA SOURCE,,,,2018-09-29T12:00:21,O,
012863668,A,,,RESIDENCE LE VOLTAIRE,,,,2019-06-24T13:04:25,O,
012863684,A,,,RESIDENCE ST QUENTIN,,,,2019-06-24T13:04:25,O,
012863759,A,,,RESIDENCE DU LOUVRE,,,,2018-09-29T12:00:21,O,
012870770,A,,,IMM 40 BIS BD MARCEHAL FOCH,,,,2011-11-29T00:11:08,O,
012870887,A,,,RESIDENCE SAINT MARTIN,,,,2019-06-24T13:04:25,O,
012870895,A,,,RESIDENCE 15 RUE DE MORTAIN,,,,2018-09-29T12:00:21,O,
012870945,A,,,LES LILAS,,,,2019-10-29T18:00:20,O,
012871000,A,,,IMMEUBLE 10 12 RUE DU BOIS,,,,2011-11-29T00:11:08,O,
012871216,A,,,SYND COPRO RESIDENCE ASSELIN,,,,2019-06-24T13:04:25,O,
012871224,A,,,SYND COPRO RESIDENCE LA BUCAILLE,,,,2018-09-29T12:00:21,O,
012871232,A,,,SYND COPRO RESIDENCE BRIAND,,,,2019-06-24T13:04:25,O,
012871240,A,,,RESIDENCE CARNOT,,,,2019-06-24T13:04:25,O,
012871257,A,,,RESIDENCE DE LA POLLE,,,,2019-06-24T13:04:25,O,
012871265,A,,,SYND COPRO RESIDENCE LES LIBELLULES,,,,2019-06-24T13:04:25,O,
012871281,A,,,IMM 53 R GAMBETTA,,,,2018-09-29T12:00:21,O,
012871307,A,,,RESIDENCE CALIGNY,,,,2019-06-24T13:04:25,O,
012871380,A,,,IMMEUBLE THOMAS HENRI,,,,2019-06-24T13:04:25,O,
012871422,A,,,IMMEUBLE FOCH,,,,2018-09-29T12:00:21,O,
012871463,A,,,IMM VAUBAN,,,,2018-09-29T12:00:21,O,
012871489,A,,,IMMEUBLE 7 RUE LOUIS 16,,,,2018-09-29T12:00:21,O,
012871695,A,,,IMMEUBLE LIBERATION,,,,2013-05-18T02:02:31,O,
012871745,A,,,CARAVANNING 2000,,,,2019-06-24T13:04:25,O,
012871810,A,,,IMMEUBLE ENAULT,,,,2019-06-24T13:04:25,O,
012871828,A,,,IMMEUBLE SECRA,,,,2019-06-24T13:04:25,O,
012877080,A,,,SYND COPRO RESIDENCE ERMITAGE 1,,,,2017-05-10T08:33:35,O,
012877098,A,,,SYND COPRO RESIDENCE ERMITAGE 2,,,,2017-05-12T08:48:07,O,
012877148,A,,,RESIDENCE JEAN JAURES,,,,2019-06-24T13:04:25,O,
012877155,A,,,RESIDENCE DU MANAGE,,,,2019-06-24T13:04:25,O,
012877163,A,,,RESIDENCE DES SABLONS 1,,,,2016-04-26T01:03:49,O,
012877171,A,,,RESIDENCE DES SABLONS 2,,,,2016-04-26T01:03:49,O,
012877189,A,,,RESIDENCE DE LA CHASSE VERTE,,,,2019-06-24T13:04:25,O,
012877197,A,,,SYND COPRO RESIDENCE ST NICOLAS,,,,2019-06-24T13:04:25,O,
012877213,A,,,RESIDENCE DU LUDE,,,,2011-11-29T00:11:09,O,
012877221,A,,,RESIDENCE DE LA ROCADE,,,,2018-09-29T12:00:21,O,
012877239,A,,,SYND PROPR RES DES CHEVALLIERS,,,,2011-11-29T00:11:09,O,
012877247,A,,,RESIDENCE DU BELVEDERE,,,,2019-06-24T13:04:25,O,
012877262,A,,,IMMEUBLE 67 RUE COURAYE,,,,2019-06-24T13:04:25,O,
012877296,A,,,RESIDENCE DES MARRONIERS,,,,2016-04-26T01:03:50,O,
012877320,A,,,IMMEUBLE 30 COURS JONVILLE,,,,2011-11-29T00:11:09,O,
012877338,A,,,SYND PROPR RESIDENCE DES COUESNONS,,,,2019-06-24T13:04:25,O,
012877346,A,,,SYND PROPR RESIDENCE DU COMMODORE,,,,2019-06-24T13:04:25,O,
012877361,A,,,IMMEUBLE 20 PL LITTRE,,,,2019-06-24T13:04:25,O,
012889010,A,,,RESIDENCE DU ROC,,,,2019-06-24T13:04:25,O,
012894499,A,,,IMM 12  QUAI ALEXANDRE 3,,,,2018-09-29T12:00:21,O,
012894507,A,,,IMM 5 ET 7 RUE DR CHARCOT,,,,2019-06-24T13:04:25,O,
012895439,A,,,IMM 168 RUE DE LA PAIX,,,,2011-11-29T00:11:09,O,
012896189,A,,,IMMEUBLE PLACE DE LA CROUTE,,,,2019-06-24T13:04:25,O,
012901336,A,,,IMMM 40 42 AV MAL LECLERC,,,,2018-09-29T12:00:21,O,
012903217,A,,,RESIDENCE LES JARDINS DU PORT,,,,2019-06-24T13:04:25,O,
012907242,A,,,SYND COPRO PARC LOISIRS,,,,2019-06-24T13:04:25,O,
012911822,A,,,IMM 20 RUE NOYON,,,,2019-06-24T13:04:25,O,
012934956,A,,,SYNDICAT COPROPRIETE CONSORTS POUGHON,,,,2018-09-29T12:00:21,O,
012986618,A,,,SYNDIC RES CARNOT,,,,2018-09-29T12:00:21,O,
012986766,A,,,SYND RES DUCS,,,,2019-06-24T13:04:25,O,
012986899,A,,,SYND RES HOTEL DE VILLE,,,,2018-09-29T12:00:21,O,
012987046,A,,,SYND RES DU PT DU JOUR,,,,2018-09-29T12:00:21,O,
012987087,A,,,SYNDICAT COPROPRIETE RES QUAI DE VERDUN,,,,2019-06-24T13:04:25,O,
012987178,A,,,SYNDICAT COPROPRIETE RESIDENCE ST MARTIN,,,,2019-06-24T13:04:25,O,
012987194,A,,,SYND RES STRASBOURG,,,,2019-06-24T13:04:25,O,
012987236,A,,,SYND RES VERDUN,,,,2019-06-24T13:04:25,O,
013050182,A,,,SYND RES LES HUSSARDS,,,,2019-06-24T13:04:25,O,
013050232,A,,,SYND RES FROMENTIN,,,,2019-06-24T13:04:25,O,
013050265,A,,,SYND RES CLAUDE BERNARD,,,,2019-06-24T13:04:25,O,
013050273,A,,,SYND COPROP 36 PL HENRI IV,,,,2018-09-29T12:00:21,O,
013050323,A,,,SYND COPROP RES ST GERMAIN,,,,2018-09-29T12:00:21,O,
013050356,A,,,SYND COPROPRIETE RESIDENCE LABILLARDIERE,,,,2019-06-24T13:04:25,O,
013068978,A,,,COPROPRIETAIRES,,,,2019-06-24T13:04:25,O,
013068994,A,,,SYND COPRO RESIDENCE CASTEL ROYAL B,,,,2019-06-24T13:04:25,O,
013069000,A,,,COPROPRIETAIRES,,,,2019-06-24T13:04:25,O,
013069059,A,,,COPROPRIETAIRES,,,,2019-06-24T13:04:25,O,
013069083,A,,,COPROPRIETAIRES,,,,2019-06-24T13:04:25,O,
013069166,A,,,COPROPRIETAIRES,,,,2019-06-24T13:04:25,O,
013076542,A,,,SYND COPRO GAMBETTA 055,,,,2014-06-13T23:02:35,O,
013078167,A,,,GARIN JEAN CLAUDE,,,,2018-09-29T12:00:21,O,
013099635,A,,,SYNDICAT COPROPRIETAIRES,,,,2019-06-24T13:04:25,O,
013099759,A,,,SYNDICAT COPROPRIETAIRES,,,,2019-06-24T13:04:25,O,
013099775,A,,,SYNDICAT COPROPRIETAIRES,,,,2019-06-24T13:04:25,O,
013099783,A,,,SYNDICAT COPROPRIETAIRES,,,,2019-06-24T13:04:25,O,
013099825,A,,,SYNDICAT COPROPRIETAIRES,,,,2019-06-24T13:04:25,O,
013099874,A,,,SYND COPROPRIETAIRES,,,,2019-06-24T13:04:25,O,
013099882,A,,,SYND COPROPRIETAIRES,,,,2019-06-24T13:04:25,O,
013099890,A,,,SYND COPROPRIETAIRES,,,,2013-05-18T02:02:31,O,
013099932,A,,,SYND COPROPRIETAIRES,,,,2019-06-24T13:04:25,O,
013099965,A,,,SYND COPROPRIETAIRES,,,,2019-06-24T13:04:25,O,
013100052,A,,,SYND COPROPRIETAIRES,,,,2019-06-24T13:04:25,O,
013100151,A,,,COPROPRIETAIRES,,,,2019-06-24T13:04:25,O,
013100177,A,,,SYND COPROPRIETAIRES,,,,2019-06-24T13:04:25,O,
013100193,A,,,SYNDICAT COPROPRIETAIRES,,,,2018-09-29T12:00:21,O,
013104609,A,,,ANQUIER GERARD,,,,2011-11-29T00:11:11,O,
013104781,A,,,SYNDICAT COPROPRIETAIRES,,,,2019-06-24T13:04:25,O,
013106026,A,,,SYND COPROPRIETAIRES,,,,2011-11-29T00:11:11,O,
013106562,A,,,SYNDICAT CO-PROPRIETAIRES,,,,2011-11-29T00:11:11,O,
013108956,A,,,SYNDICAT COPROPRIETAIRE,,,,2019-06-24T13:04:25,O,
013165832,A,,,COOP DES PROPRIETAIRES ET,,,,2019-06-24T13:04:25,O,
013165998,A,,,SYNDICAT DE COPROPRIETAIRES,,,,2019-06-24T13:04:25,O,
013166012,A,,,SYNDICAT DE COPROPRIETAIRES,,,,2019-06-24T13:04:25,O,
013166186,A,,,COOPERATIVE PROPRIETAIRES,,,,2019-06-24T13:04:25,O,
013166194,A,,,SYNDICAT DE COPROPRIETAIRES,,,,2019-06-24T13:04:25,O,
013166228,A,,,SYNDICAT COPROPRIETAIRES,,,,2019-06-24T13:04:25,O,
013166244,A,,,SYNDICAT DE COPROPRIETAIRES,,,,2019-06-24T13:04:25,O,
013166293,A,,,SYNDICAT DE COPROPRIETAIRES,,,,2019-06-24T13:04:25,O,
013166335,A,,,SYNDICAT COPROPRIETAIRES,,,,2019-06-24T13:04:25,O,
013166368,A,,,SYND COPRO RES ST JULIEN,,,,2019-06-24T13:04:25,O,
013166418,A,,,SYNDICAT COPROPRIETE RESIDENCE CASSIOPEE,,,,2019-06-24T13:04:25,O,
013166475,A,,,SYNDICAT DE CPROPRIETAIRES,,,,2018-09-29T12:00:21,O,
013166525,A,,,SYNDICAT DE COPROPRIETAIRES RES D' ALGER,,,,2019-06-24T13:04:25,O,
013166541,A,,,DES MINIMES,,,,2019-06-24T13:04:25,O,
013166731,A,,,SYNDICAT DE COPROPRIETAIRES,,,,2019-06-24T13:04:25,O,
013166756,A,,,SYNDICAT DE COPROPRIETAIRES,,,,2019-06-24T13:04:25,O,
013166772,A,,,SYNDICAT DE COPROPRIETAIRES,,,,2019-06-24T13:04:25,O,
013166830,A,,,SYNDICAT DE COPROPRIETAIRES,,,,2019-06-24T13:04:25,O,
013166848,A,,,CABINET HOREAU,,,,2019-06-24T13:04:25,O,
013166889,A,,,SYNDICAT DE COPROPRIETAIRES,,,,2018-09-29T12:00:21,O,
013166897,A,,,SYNDICAT COPROPRIETAIRES,,,,2019-06-24T13:04:25,O,
013167036,A,,,SYNDICAT DE COPROPRIETAIRES,,,,2019-06-24T13:04:25,O,
013167168,A,,,SYNDICAT COPRO RESIDENCE LA VALLEE,,,,2019-06-24T13:04:25,O,
013167200,A,,,SYNDICAT DE COPROPRIETAIRES,,,,2019-06-24T13:04:25,O,
013167234,A,,,SYNDICAT DE COPROPRIETAIRES,,,,2019-06-24T13:04:25,O,
013167242,A,,,SYNDICAT DE COPROPRIETAIRES,,,,2018-09-29T12:00:21,O,
013167267,A,,,SYNDICAT DE COPROPRIETAIRES,,,,2013-05-18T02:02:31,O,
013167291,A,,,SYNDICAT DE COPROPRIETAIRES,,,,2019-06-24T13:04:25,O,
013167382,A,,,LEROY ROBERT,,,,2018-09-29T12:00:21,O,
013167457,A,,,SYNDICAT COPROPRIETAIRES,,,,2017-05-04T01:02:41,O,
013167465,A,,,SYNDICAT DE COPROPRIETAIRES,,,,2019-06-24T13:04:25,O,
013167515,A,,,SYNDICAT COPROPRIETAIRES,,,,2019-06-24T13:04:25,O,
013167523,A,,,SYNDICAT DE COPROPRIETAIRES,,,,2018-09-29T12:00:22,O,
013167556,A,,,SYNDICAT DE COPROPRIETAIRES,,,,2019-06-24T13:04:25,O,
013167564,A,,,SYNDICAT DE COPROPRIETAIRES,,,,2019-06-24T13:04:25,O,
013167598,A,,,SYNDICAT DE COPROPRIETAIRES,,,,2017-05-04T01:02:41,O,
013167606,A,,,SYNDICAT DE COPROPRIETAIRES,,,,2019-06-24T13:04:25,O,
013167614,A,,,SYNDICAT COPROP RES LE VOLTAIRE,,,,2019-06-24T13:04:25,O,
013167630,A,,,SYNDICAT DE COPROPRIETAIRES,,,,2017-05-04T01:02:41,O,
013167648,A,,,SYNDICAT DE COPROPRIETAIRES,,,,2019-06-24T13:04:25,O,
013167697,A,,,SYNDICAT DE COPROPRIETAIRES,,,,2019-06-24T13:04:25,O,
013167739,A,,,SYNDICAT DE COPROPRIETAIRES,,,,2019-06-24T13:04:25,O,
013167747,A,,,SYNDICAT DE COPROPRIETAIRES,,,,2019-06-24T13:04:25,O,
013167762,A,,,SYNDICAT DE COPROPRIETAIRES,,,,2019-06-24T13:04:25,O,
013167796,A,,,SYNDICAT COPROPRIET RES LE GUIVON,,,,2019-06-24T13:04:25,O,
013167812,A,,,SYNDICAT DE COPROPRIETAIRES,,,,2019-06-24T13:04:25,O,
013167820,A,,,HOREAU PAULETTE,,,,2011-11-29T00:11:12,O,
013167838,A,,,SYNDICAT DE COPROPRIETAIRES,,,,2018-09-29T12:00:22,O,
013167887,A,,,SYNDICAT COPROPRIETAIRES,,,,2011-11-29T00:11:12,O,
013168067,A,,,LE PRESIDENT DU CONSEIL SYNDICAL,,,,2019-06-24T13:04:25,O,
013168174,A,,,CONSEIL SYNDICAL RES BRAQUE,,,,2019-06-24T13:04:25,O,
013168190,A,,,COOPERATIVE PROPRI COPROPRI,,,,2019-06-24T13:04:25,O,
013168216,A,,,SYNDICAT DE COPROPRIETAIRES,,,,2019-06-24T13:04:25,O,
013168224,A,,,SYNDICAT DE COPROPRIETAIRES,,,,2019-06-24T13:04:25,O,
013168240,A,,,CABINET GUILLERMINET,,,,2018-09-29T12:00:22,O,
013168356,A,,,SYNDICAT DE COPROPRIETAIRES,,,,2019-06-24T13:04:25,O,
013168448,A,,,SYNDICAT DE COPROPRIETAIRES,,,,2019-06-24T13:04:25,O,
013168661,A,,,SYNDICAT DE COPROPRIETAIRES,,,,2019-06-24T13:04:25,O,
013168729,A,,,SYNDICAT COPROPRIETAIRES,,,,2019-06-24T13:04:25,O,
013168737,A,,,SYNDICAT DE COPROPRIETAIRES,,,,2019-06-24T13:04:25,O,
013168794,A,,,SYNDICAT DE COPROPRIETAIRES,,,,2018-09-29T12:00:22,O,
013168802,A,,,SYNDICAT DE COPROP RES RIVES DE L HUISNE,,,,2019-06-24T13:04:25,O,
013168810,A,,,SYNDICAT DE COPROPRIETAIRES,,,,2019-06-24T13:04:25,O,
013168901,A,,,SYNDICAT DE COPROPRIETAIRES,,,,2018-09-29T12:00:22,O,
013169131,A,,,SYNDICAT DE COPROPRIETAIRES,,,,2019-06-24T13:04:25,O,
013169156,A,,,SYND DE COPROPRIETAIRES,,,,2011-11-29T00:11:12,O,
013169198,A,,,SYNDICAT DE COPROPRIETAIRES,,,,2019-06-24T13:04:25,O,
013181144,A,,,SYNDICAT DE COPROPRIETAIRES,,,,2019-06-24T13:04:25,O,
013208194,A,,,MAINE SYNDIC,,,,2018-09-29T12:00:22,O,
013215876,A,,,DE QUENETAIN VINCENT,,,,2011-11-29T00:11:12,O,
013215991,A,,,DE BERRANGER YVES,,,,2011-11-29T00:11:13,O,
013216007,A,,,DE BERRANGER YVES,,,,2018-09-29T12:00:22,O,
013216015,A,,,DE BERRANGER YVES,,,,2011-11-29T00:11:13,O,
013216023,A,,,SYNDICAT DE COPROPRIETAIRES,MR DE BERRANGER,,,2011-11-29T00:11:13,O,
013216056,A,,,DE BERRANGER YVES,,,,2011-11-29T00:11:13,O,
013216064,A,,,DE BERRANGER YVES,,,,2018-09-29T12:00:22,O,
013216072,A,,,SYNDICAT DE COPROPRIETAIRES,,,,2017-05-04T01:02:41,O,
013217179,A,,,DELELIS FANIEN PATRICK,,,,2019-06-24T13:04:25,O,
013217856,A,,,CABINET DES MINIERES,,,,2019-06-24T13:04:25,O,
013217864,A,,,CABINET DES MINIERES,,,,2019-06-24T13:04:25,O,
013217922,A,,,CO PROPRIETE RESIDENCE LE PARC,,,,2019-06-24T13:04:25,O,
013217989,A,,,SDC BONAPARTE I,,,,2019-06-24T13:04:25,O,
013217997,A,,,CO PROPRIETE RESIDENCE LES CHENES,,,,2019-06-24T13:04:25,O,
013218011,A,,,CO PROPRIETE IMMEUBLE BONAPARTE 2,,,,2019-06-24T13:04:25,O,
013218235,A,,,CABINET DES MINIERES,,,,2019-06-24T13:04:25,O,
013218250,A,,,CABINET DES MINIERES,,,,2019-06-24T13:04:25,O,
013218276,A,,,CABINET DES MINIERES,,,,2019-06-24T13:04:25,O,
013218284,A,,,CABINET DES MINIERES,,,,2019-06-24T13:04:25,O,
013218292,A,,,CABINET DES MINIERES,,,,2019-06-24T13:04:25,O,
013218300,A,,,CABINET DES MINIERES,,,,2019-06-24T13:04:25,O,
013218318,A,,,CABINET DES MINIERES,,,,2019-06-24T13:04:25,O,
013218334,A,,,CABINET DES MINIERES,,,,2019-06-24T13:04:25,O,
013218359,A,,,SYNDICAT DE COPROPRIETAIRES,,,,2019-06-24T13:04:25,O,
013218367,A,,,CABINET DES MINIERES,,,,2019-06-24T13:04:25,O,
013218490,A,,,BARREAUD PIERRE,,,,2019-06-24T13:04:25,O,
013218516,A,,,CABINET DES MINIERES,,,,2019-06-24T13:04:25,O,
013244983,A,,,COPR RES AMARYLLIS,,,,2019-06-24T13:04:25,O,
013244991,A,,,COPR IMM DAVIERS,,,,2019-06-24T13:04:25,O,
013245022,A,,,COPR RES R HANNELOUP,,,,2011-11-29T00:11:13,O,
013245071,A,,,COPR R D ALSACE,,,,2019-06-24T13:04:25,O,
013245147,A,,,COPR IMM R DU HARAS,,,,2019-06-24T13:04:25,O,
013245220,A,,,COPR IMM LE MAIL,,,,2019-06-24T13:04:25,O,
013245279,A,,,COPR RES DES PLANTES,,,,2019-06-24T13:04:25,O,
013245303,A,,,COPR RES VAUBAN,,,,2019-06-24T13:04:25,O,
013245311,A,,,COPR RES LE FOCH,,,,2019-06-24T13:04:25,O,
013245337,A,,,COPR RES DU PUY GARNIER,,,,2019-06-24T13:04:25,O,
013245352,A,,,COPR RES LA VISITATION,,,,2012-05-05T00:05:54,O,
013245386,A,,,COPR IMM BECLARD MICHAU,,,,2019-06-24T13:04:25,O,
013245394,A,,,COPR RES CUBAIN,,,,2019-06-24T13:04:25,O,
013245535,A,,,COPR IMM R VOLNEY,,,,2019-06-24T13:04:25,O,
013245550,A,,,COPR RES CROIX BLANCHE,,,,2019-06-24T13:04:25,O,
013245568,A,,,COPR RES VAL D OR I,,,,2019-06-24T13:04:25,O,
013245576,A,,,COPR RES LES VIGNES,,,,2019-06-24T13:04:25,O,
013245592,A,,,COPR RES DE STRASBOURG,,,,2014-06-13T23:02:36,O,
013245634,A,,,COPR RES VICTORIA,,,,2019-06-24T13:04:25,O,
013245667,A,,,COPR RES DUMESNIL,,,,2019-06-24T13:04:25,O,
013245683,A,,,COPR RES SIM PASTEUR,,,,2019-06-24T13:04:25,O,
013245717,A,,,COPR RES LE SERRANT,,,,2019-06-24T13:04:25,O,
013245725,A,,,COPR RES VAL D'OR II,,,,2019-06-24T13:04:25,O,
013245758,A,,,COPR RES CHEVROLLIER,,,,2019-06-24T13:04:25,O,
013245782,A,,,COPR RES PARC BELLEFONTAINE,,,,2019-06-24T13:04:25,O,
013245840,A,,,COPR RES CLOS POINTU,,,,2016-04-26T01:03:51,O,
013245931,A,,,COPR RES DU PARC,,,,2018-09-29T12:00:22,O,
013245972,A,,,COPR RES LAMARTINE,,,,2019-06-24T13:04:25,O,
013245998,A,,,SCIA LA SAULNERIE,,,,2016-04-26T01:03:51,O,
013246053,A,,,COPR RES DU BELLAY,,,,2014-06-13T23:02:37,O,
013246095,A,,,COPR RES ISAI,,,,2019-06-24T13:04:25,O,
013246160,A,,,COPR RES DES HAUTS D'ANJOU,,,,2019-06-24T13:04:25,O,
013246178,A,,,COPR RES BON REPOS,,,,2019-06-24T13:04:25,O,
013246194,A,,,COPR RES BIZET,,,,2019-06-24T13:04:25,O,
013246202,A,,,COPR RES VAL D OR III,,,,2019-06-24T13:04:25,O,
013246236,A,,,COPR RES LARDIN DE MUSSET,,,,2013-05-18T02:02:31,O,
013246244,A,,,COPR RES HARMONIE,,,,2019-06-24T13:04:25,O,
013246277,A,,,COPR RES JEANNE D'ARC,,,,2019-06-24T13:04:25,O,
013246285,A,,,COPR IMM GRAND CERCLE,,,,2019-06-24T13:04:25,O,
013246335,A,,,COPR RES DAVID D'ANGERS,,,,2019-06-24T13:04:25,O,
013246368,A,,,COPR IMM PL SEMARD,,,,2012-05-05T00:05:55,O,
013246376,A,,,COPR IMM R VOLNEY,,,,2019-06-24T13:04:25,O,
013246434,A,,,COPR RES R F MAURIAC,,,,2019-06-24T13:04:25,O,
013246475,A,,,COPR RES DE LATTRE TASSIGNY,,,,2019-06-24T13:04:25,O,
013246491,A,,,COPR RES LA FAYETTE,,,,2019-06-24T13:04:25,O,
013246533,A,,,COPR IMM AV JOXE,,,,2019-06-24T13:04:25,O,
013246574,A,,,COPR RES NANTILLY,,,,2019-06-24T13:04:25,O,
013246590,A,,,COPR RES DU PIED BOULET,,,,2019-06-24T13:04:25,O,
013246616,A,,,COPR RES SIMESDOR,,,,2019-06-24T13:04:25,O,
013246624,A,,,COPR RES NEY,,,,2018-09-29T12:00:22,O,
013246632,A,,,COPR RES MONTAIGNE,,,,2019-06-24T13:04:25,O,
013246657,A,,,SYND COPR RES STRASBOURG,,,,2019-06-24T13:04:25,O,
013246665,A,,,COPR RES LA PLEIADE,,,,2019-06-24T13:04:25,O,
013246673,A,,,COPR RES LE PUITS ANCEAU,,,,2019-06-24T13:04:25,O,
013246749,A,,,COPR RES CLOS LA ROSERAIE,,,,2019-06-24T13:04:25,O,
013246855,A,,,COPR RES FOCH,,,,2019-06-24T13:04:25,O,
013246905,A,,,COPR RES LE PATTON,,,,2011-11-29T00:11:15,O,
013246921,A,,,COPR RES CALEIDES TOUR II,,,,2019-06-24T13:04:25,O,
013247028,A,,,COPR RES SIMESDOR B,,,,2019-06-24T13:04:25,O,
013247085,A,,,COPR RES D'ORGEMONT,,,,2019-06-24T13:04:25,O,
013247101,A,,,COPR RES CHARLEMAGNE,,,,2018-09-29T12:00:22,O,
013247127,A,,,COPR RES R PETITES MAULEVRIES,,,,2019-06-24T13:04:25,O,
013247176,A,,,COPR RES BELLE PROVINCE I,,,,2018-09-29T12:00:22,O,
013247192,A,,,COPR RES R TERRE NOIRE,,,,2018-09-29T12:00:22,O,
013247218,A,,,COPR IMM PL DUPETIT THOUARS - SECTEUR RE,,,,2015-05-14T03:02:19,O,
013247234,A,,,COPR IMM PL DE LA PAIX,,,,2019-06-24T13:04:25,O,
013247283,A,,,COPR RES LE LOUIS GAIN,,,,2019-06-24T13:04:25,O,
013247309,A,,,COPR RES BEL AIR,,,,2019-06-24T13:04:25,O,
013247333,A,,,COPR RES LES REVERIES,,,,2019-06-24T13:04:25,O,
013247341,A,,,COPR RES DOMAINE VERT,,,,2019-06-24T13:04:25,O,
013247358,A,,,COPR RES CALIFORNIE,,,,2012-05-05T00:05:55,O,
013247523,A,,,COPR RES AUDUSSON,,,,2019-06-24T13:04:25,O,
013247556,A,,,COPR RES ARCHE D OREE,,,,2019-06-24T13:04:25,O,
013247606,A,,,COPR RES LA CORBELLIERE,,,,2019-06-24T13:04:25,O,
013247648,A,,,COPR RES LE MAGNOLIA,,,,2019-06-24T13:04:25,O,
013247663,A,,,COPR RES MOULIN DE BEAULIEU,,,,2019-06-24T13:04:25,O,
013247697,A,,,COPR IMM BD DAVIERS,,,,2014-06-13T23:02:37,O,
013247739,A,,,COPR IMM ESPINE,,,,2018-09-29T12:00:22,O,
013247747,A,,,COPR RES CHEVALLIER,,,,2019-06-24T13:04:25,O,
013247762,A,,,COPR RES UNION VAL D'OR,,,,2019-06-24T13:04:25,O,
013247770,A,,,COPR RES ALFRED DE VIGNY,,,,2019-06-24T13:04:26,O,
013247820,A,,,COPR RES ST LAURENT,,,,2019-06-24T13:04:26,O,
013247861,A,,,COPR RESIDENCE DES TROIS,,,,2019-06-24T13:04:26,O,
013248026,A,,,COPR RES ILE D OFFARD,,,,2019-06-24T13:04:26,O,
013248091,A,,,COPR RES LA MADELEINE,,,,2019-06-24T13:04:26,O,
013248133,A,,,COPR IMM R MONTAUBAN,,,,2019-04-16T08:36:17,O,
013248406,A,,,COPR RES R ST LAZARE,,,,2008-04-26T08:04:28,O,
013248513,A,,,COPR IMM R PLANTAGENET,,,,2018-09-29T12:00:22,O,
013248547,A,,,SYND COPR IMM R LOUIS GAIN,,,,2011-11-29T00:11:16,O,
013248604,A,,,COPR RES PLAISANCE,,,,2011-11-29T00:11:16,O,
013249636,A,,,COPR RES ILE OFFARD BIS,,,,2019-06-24T13:04:26,O,
013249669,A,,,COPR RES LE PARC,,,,2019-06-24T13:04:26,O,
013249834,A,,,COPR SCI ST NICOLAS,,,,2018-09-29T12:00:22,O,
013250477,A,,,COPR RES LE VELASQUEZ,,,,2019-06-24T13:04:26,O,
013250642,A,,,COPR IMM R ST EXUPERY,,,,2019-06-24T13:04:26,O,
013250725,A,,,COPR IMM R ST BLAISE,,,,2018-09-29T12:00:22,O,
013250774,A,,,COPR IMM R TOUSSAINT,,,,2019-06-24T13:04:26,O,
013250915,A,,,COPR IMM R RANGEARD,,,,2018-09-29T12:00:22,O,
013250931,A,,,COPR IMM R DESJARDINS,,,,2018-09-29T12:00:22,O,
013250972,A,,,COPR IMM R CHAPERONNIERE,,,,2018-09-29T12:00:22,O,
013251020,A,,,COPR RES R D ORLEANS,,,,2019-06-24T13:04:26,O,
013621636,A,,,ASSOCIATION SYNDICALE DOMAINE DE CARHEIL,,,,2018-09-29T12:00:22,O,
013634878,A,,,COPR TERRASSES ARC EN CIEL,,,,2014-06-13T23:02:37,O,
013642863,A,,,COPR RES LORRAINE,,,,2015-05-14T03:02:20,O,
013642871,A,,,COPR RES ETOILE,,,,2019-06-24T13:04:26,O,
013642889,A,,,COPR RES LECLERC,,,,2014-06-13T23:02:37,O,
013642988,A,,,SYNDIC COPROPRIETE RESIDENCE BEAUSOLEIL,,,,2019-06-24T13:04:26,O,
013643036,A,,,SYNDIC COPROPRIETE RESIDENCE LE CHIRON,,,,2019-06-24T13:04:26,O,
013643044,A,,,COPR RES COLBERT,,,,2018-09-29T12:00:22,O,
013643051,A,,,COPR RES LES COLOMBES,,,,2019-06-24T13:04:26,O,
013643069,A,,,COPR RES LA PAIX,,,,2019-06-24T13:04:26,O,
013643085,A,,,SYNDIC COPROPRIETE RESIDENCE DU CHENE,,,,2019-06-24T13:04:26,O,
013643093,A,,,SYNDIC COPROPRIETE RESIDENCE DU PARC,,,,2019-06-24T13:04:26,O,
013643168,A,,,COPR RES LES ROCHES,,,,2019-06-24T13:04:26,O,
013643192,A,,,SYNDIC COPROPR RESIDENCE DE L ORANGERIE,,,,2019-06-24T13:04:26,O,
013643226,A,,,COPR RES PLAISANCE,,,,2019-06-24T13:04:26,O,
013643234,A,,,COPR RES PLEIN CIEL,,,,2019-06-24T13:04:26,O,
013643242,A,,,COPR RES PONT NEUF,,,,2019-06-24T13:04:26,O,
013643267,A,,,SYNDIC COPROPRIETE RESIDENCE ST PIERRE,,,,2019-06-24T13:04:26,O,
013643408,A,,,COPR RES LE CHAMBORD,,,,2018-09-29T12:00:22,O,
013643788,A,,,COPR RES VIOLETTES,,,,2019-06-24T13:04:26,O,
013658877,A,,,SYND COPROP IMMEUBLE VIGNES LA CHAUX,,,,2019-06-24T13:04:26,O,
013658901,A,,,SYND DE COPRO IMM RES IV SELOMC,,,,2018-09-29T12:00:22,O,
013659073,A,,,SYNDICAT COPRO. LA PETITE HOLLANDE,,,,2019-06-24T13:04:26,O,
013659131,A,,,SYNDICAT COPRO. ALBION,,,,2019-06-24T13:04:26,O,
013659149,A,,,SYNDICAT COPRO. VIGNERON JEAN-LOUIS,,,,2011-11-29T00:11:17,O,
013659297,A,,,SYND COPROPRIETE MA CAMPAGNE,,,,2019-06-24T13:04:26,O,
013659354,A,,,SYNDICAT COPRO. IMMEUBLE LE CHENOIS,,,,2019-06-24T13:04:26,O,
013659362,A,,,SYNDICAT COPRO. SCI IMMEUBLE,,,,2019-06-24T13:04:26,O,
013659388,A,,,SYNDICAT COPRO. IMMEUBLE LE CHATEAU,,,,2019-06-24T13:04:26,O,
013659404,A,,,SYND DE COPRO IMM RES HOT VILLE SOCHAUX,,,,2019-06-24T13:04:26,O,
013659446,A,,,SYNDICAT COPRO. SCI IMMEUBLE,,,,2018-09-29T12:00:22,O,
013659479,A,,,SYNDICAT COPRO. IMM. 1 RUE VELOTTE,,,,2019-06-24T13:04:26,O,
013659545,A,,,SYND COPROP RESID LE CLOS BOURGEOIS,,,,2019-06-24T13:04:26,O,
013659578,A,,,SYND. COPROPRIETE LE PARC,,,,2019-06-24T13:04:26,O,
013659701,A,,,SYNDICAT COPRO. IMMEUBLE LE PAQUIS,,,,2019-06-24T13:04:26,O,
013659784,A,,,SYNDICAT COPRO. IMM BOIS BOURGEOIS,,,,2019-06-24T13:04:26,O,
013659792,A,,,SYNDICAT COPRO. IMM GOGUEL,,,,2019-06-24T13:04:26,O,
013659800,A,,,SYNDICAT COPRO. IMM. DU MONT BART,,,,2019-06-24T13:04:26,O,
013659826,A,,,SYNDICAT COPRO. IMM CHABAUD LATOUR,,,,2019-06-24T13:04:26,O,
013659834,A,,,SYNDICAT COPRO. IMM. LES FLEURS,,,,2019-06-24T13:04:26,O,
013659909,A,,,SYND. COPROPRIETE 4 RUE BEETHOVEN,,,,2019-06-24T13:04:26,O,
013659917,A,,,SYND. COPROPRIETE BAT 7 RUE CHOPIN,,,,2019-06-24T13:04:26,O,
013660006,A,,,SYND. COPROPRIETE 6 C5 RUE H BOUCHER,,,,2019-06-24T13:04:26,O,
013660014,A,,,SYND. COPROPRIETE 5 C5 RUE H BOUCHER,,,,2019-06-24T13:04:26,O,
013660030,A,,,SYND. COPROPRIETE 7 CR RUE H BOUCHER,,,,2019-06-24T13:04:26,O,
013660063,A,,,SYNDICAT COPRO. IMM LE BOSQUET,,,,2019-06-24T13:04:26,O,
013660071,A,,,SYND. COPROPRIETE 29 C1 EF RUE ST SAENS,,,,2019-06-24T13:04:26,O,
013660097,A,,,SYNDICAT COPROPRIETE RUE MOZART,,,,2019-06-24T13:04:26,O,
013660105,A,,,SYND. COPROPRIETE 32C1 ABC R MOZART,,,,2019-06-24T13:04:26,O,
013660121,A,,,SYND. COPROPRIETE CGES C IA RUE MOZART,,,,2018-09-29T12:00:22,O,
013660147,A,,,SYND. COPROPRIETE CGES C IB RUE MOZART,,,,2018-09-29T12:00:22,O,
013660154,A,,,SYND. COPROPRIETE LES 2 LYS FG BESANCON,,,,2019-06-24T13:04:26,O,
013660196,A,,,SYNDICAT COPRO. LES JARDINS PARMENTIER,,,,2019-06-24T13:04:26,O,
013660204,A,,,SYND. COPROPRIETE 1 ALLEE THIERGARTEN,,,,2015-01-10T00:10:47,O,
013660212,A,,,SYND. COPROPRIETE 2-4 ALLEE THIERGARTEN,,,,2015-01-10T00:10:47,O,
013660220,A,,,SYNDICAT COPROP. CC EXINCOURT,,,,2011-11-29T00:11:18,O,
013660238,A,,,SYNDICAT COPRO. METROPOLE SOCHAUX,,,,2019-06-24T13:04:26,O,
013664743,A,,,SYNDICAT COPRO. TOUR D'AUDINCOURT,,,,2019-06-24T13:04:26,O,
013750252,A,,,SYND COPROPRIETE RESIDENCE DUGAY TROUIN,,,,2019-06-24T13:04:26,O,
013750401,A,,,SYNDICAT COPROPRIETE MANSARD 75-77,,,,2019-06-24T13:04:26,O,
013750435,A,,,COPROPRIETE OREE FONTAINE,,,,2019-06-24T13:04:26,O,
013750443,A,,,SYNDICAT COPROPRIETE ALIZES,,,,2019-06-24T13:04:26,O,
013750450,A,,,SYNDICAT COPROPRIETE RESIDENCE CHANZY,,,,2019-06-24T13:04:26,O,
013750468,A,,,COPROPRIETE GLYCINES DIJON,,,,2015-05-14T03:02:20,O,
013750476,A,,,COPROPRIETE LAMARTINE CL,,,,2019-06-24T13:04:26,O,
013750484,A,,,COPROPRIETE LE MERIDIEN,,,,2019-06-24T13:04:26,O,
013750500,A,,,COPROPRIETE ISABELLE DU PORTUGAL,,,,2019-06-24T13:04:26,O,
013750518,A,,,COPROPRIETE LE COMMODORE,,,,2019-06-24T13:04:26,O,
013750575,A,,,COPROPRIETE RESIDENCE EIFFEL,,,,2019-06-24T13:04:26,O,
013750583,A,,,SYNDICAT COPROPRIETE LES FASSOLES,,,,2019-06-24T13:04:26,O,
013750591,A,,,COPROPRIETE FOR AUX FEES,,,,2019-06-24T13:04:26,O,
013750716,A,,,SYNDICAT COPROPRIETE LES LILAS,,,,2019-06-24T13:04:26,O,
013750823,A,,,SYNDICAT COPROPRIETE AMIRAL ROUSSIN N 21,,,,2019-06-24T13:04:26,O,
013750872,A,,,COPROPRIETE TOUR KENNEDY,,,,2019-06-24T13:04:26,O,
013750955,A,,,COPROPRIETE LES ESSARTEAUX,,,,2019-06-24T13:04:26,O,
013750963,A,,,COPROPRIETE PERRIERES NÂ°507,,,,2019-06-24T13:04:26,O,
013750997,A,,,COPROPRIETE LYAUTEY NÂ°513,,,,2019-06-24T13:04:26,O,
013751052,A,,,COPROPRIETE SACOOP DEUX,,,,2019-06-24T13:04:26,O,
013751102,A,,,COPROPRIETE MANSARD GABRIEL NÂ°554,,,,2019-06-24T13:04:26,O,
013751110,A,,,COPROPRIETE MONTCHAPET NÂ°557,,,,2019-06-24T13:04:26,O,
013751243,A,,,COPROPRIETE ELYSEE,,,,2019-06-24T13:04:26,O,
013751326,A,,,SYNDICAT COPROPRIETE TOUR MAIL,,,,2018-09-29T12:00:22,O,
013751359,A,,,COPROPRIETE ALLEE RETRAITE NÂ°2 4,,,,2018-09-29T12:00:22,O,
013751516,A,,,SYNDICAT COPROPRIETE LES MARCS D'OR,,,,2019-06-24T13:04:26,O,
013751557,A,,,COPROPRIETE LES BURGONDES,,,,2019-06-24T13:04:26,O,
013751821,A,,,COPROPRIETE LA SOURCE,,,,2019-06-24T13:04:26,O,
013751839,A,,,COPROPRIETE LES CEDRES,,,,2019-06-24T13:04:26,O,
013751946,A,,,COPROPRIETE RESIDENCE DARCY,,,,2019-06-24T13:04:26,O,
013751995,A,,,COPROPRIETE SAINTE ANNE,,,,2019-06-24T13:04:26,O,
013752043,A,,,SYNDICAT COPROPRIETE LA CHAUMIERE,,,,2019-06-24T13:04:26,O,
013752050,A,,,SYNDICAT COPROPRIETE GRAND CRUS,,,,2019-06-24T13:04:26,O,
013752068,A,,,SYNDICAT COPROPRIETE ST SAENS,,,,2019-06-24T13:04:26,O,
013752076,A,,,SYNDICAT COPROPRIETE LA JOUVENCIERE,,,,2019-06-24T13:04:26,O,
013752100,A,,,COPROPRIETE PLACE CENTRALE DEF,,,,2019-06-24T13:04:26,O,
013752126,A,,,SYNDICAT COPROPRIETE LIONS DU PARC 2,,,,2019-06-24T13:04:26,O,
013752142,A,,,SYNDICAT COPROPRIETE CLOS DES PINS,,,,2019-06-24T13:04:26,O,
013752159,A,,,SYNDICAT COPROPRIETE FONTAINAMONT,,,,2019-06-24T13:04:26,O,
013752167,A,,,SYNDICAT COPROPRIETE MONTANT DES ROSES,,,,2019-06-24T13:04:26,O,
013752175,A,,,SYNDICAT COPROPRIETE LES PERRIERES N 28A,,,,2019-06-24T13:04:26,O,
013752183,A,,,SYNDICAT COPROPRIETE MONTMARTRE N 17 BIS,,,,2019-06-24T13:04:26,O,
013752209,A,,,SYNDICAT COPROPRIETE LA ROSERAIE,,,,2019-06-24T13:04:26,O,
013752233,A,,,SYNDICAT COPROPRIETE LES PRUNELLES,,,,2019-06-24T13:04:26,O,
013752241,A,,,SYNDICAT COPROPRIETE LE TEMERAIRE,,,,2019-06-24T13:04:26,O,
013752332,A,,,COPROPRIETE LES LILAS,,,,2019-06-24T13:04:26,O,
013752357,A,,,COPROPRIETE LES PRESIDENTS,,,,2019-06-24T13:04:26,O,
013752365,A,,,COPROPRIETE CLOS DETOURBET,,,,2019-06-24T13:04:26,O,
013752373,A,,,SYND COPROPRIETE JARDINS TALANT,,,,2019-06-24T13:04:26,O,
013752399,A,,,COPROPRIETE NICOLAS N 19,,,,2019-10-29T18:00:20,O,
